Workbook

Sheet 현황
A1: AAIA 회원사 현황
A2: 모든 숫자는 종합 시트에서 자동 계산됩니다. 이 시트에는 입력하지 마세요.
A4: 전체 회원사 수 | B4: =COUNTIF(종합!$B$3:$B$501,"?*") -> 299
A6: 분과 | B6: 회원사 수 | C6: 분과 시트 표시
A7: 기술 | B7: =COUNTIF(종합!$C$3:$C$501,"?*") -> 129 | C7: =COUNTIF(기술분과!$B$3:$B$452,"?*") -> 129
A8: 산업 | B8: =COUNTIF(종합!$D$3:$D$501,"?*") -> 127 | C8: =COUNTIF(산업분과!$B$3:$B$452,"?*") -> 127
A9: 생태계 | B9: =COUNTIF(종합!$E$3:$E$501,"?*") -> 65 | C9: =COUNTIF(생태계분과!$B$3:$B$452,"?*") -> 65
A10: 안전·신뢰 | B10: =COUNTIF(종합!$F$3:$F$501,"?*") -> 35 | C10: =COUNTIF(안전신뢰분과!$B$3:$B$452,"?*") -> 35
A12: 기업유형 | B12: 회원사 수 | C12: 기술 | D12: 산업 | E12: 생태계 | F12: 안전·신뢰
A13: 대기업 | B13: =COUNTIF(종합!$G$3:$G$501,"대기업") -> 10 | C13: =COUNTIFS(종합!$G$3:$G$501,"대기업",종합!$C$3:$C$501,"?*") -> 3 | D13: =COUNTIFS(종합!$G$3:$G$501,"대기업",종합!$D$3:$D$501,"?*") -> 5 | E13: =COUNTIFS(종합!$G$3:$G$501,"대기업",종합!$E$3:$E$501,"?*") -> 2 | F13: =COUNTIFS(종합!$G$3:$G$501,"대기업",종합!$F$3:$F$501,"?*") -> 0
A14: 중견기업 | B14: =COUNTIF(종합!$G$3:$G$501,"중견기업") -> 18 | C14: =COUNTIFS(종합!$G$3:$G$501,"중견기업",종합!$C$3:$C$501,"?*") -> 7 | D14: =COUNTIFS(종합!$G$3:$G$501,"중견기업",종합!$D$3:$D$501,"?*") -> 7 | E14: =COUNTIFS(종합!$G$3:$G$501,"중견기업",종합!$E$3:$E$501,"?*") -> 9 | F14: =COUNTIFS(종합!$G$3:$G$501,"중견기업",종합!$F$3:$F$501,"?*") -> 1
A15: 중소기업 | B15: =COUNTIF(종합!$G$3:$G$501,"중소기업") -> 249 | C15: =COUNTIFS(종합!$G$3:$G$501,"중소기업",종합!$C$3:$C$501,"?*") -> 115 | D15: =COUNTIFS(종합!$G$3:$G$501,"중소기업",종합!$D$3:$D$501,"?*") -> 111 | E15: =COUNTIFS(종합!$G$3:$G$501,"중소기업",종합!$E$3:$E$501,"?*") -> 45 | F15: =COUNTIFS(종합!$G$3:$G$501,"중소기업",종합!$F$3:$F$501,"?*") -> 26
A16: 공공기관 | B16: =COUNTIF(종합!$G$3:$G$501,"공공기관") -> 7 | C16: =COUNTIFS(종합!$G$3:$G$501,"공공기관",종합!$C$3:$C$501,"?*") -> 2 | D16: =COUNTIFS(종합!$G$3:$G$501,"공공기관",종합!$D$3:$D$501,"?*") -> 1 | E16: =COUNTIFS(종합!$G$3:$G$501,"공공기관",종합!$E$3:$E$501,"?*") -> 1 | F16: =COUNTIFS(종합!$G$3:$G$501,"공공기관",종합!$F$3:$F$501,"?*") -> 3
A17: 대학 | B17: =COUNTIF(종합!$G$3:$G$501,"대학") -> 4 | C17: =COUNTIFS(종합!$G$3:$G$501,"대학",종합!$C$3:$C$501,"?*") -> 0 | D17: =COUNTIFS(종합!$G$3:$G$501,"대학",종합!$D$3:$D$501,"?*") -> 0 | E17: =COUNTIFS(종합!$G$3:$G$501,"대학",종합!$E$3:$E$501,"?*") -> 0 | F17: =COUNTIFS(종합!$G$3:$G$501,"대학",종합!$F$3:$F$501,"?*") -> 4
A18: 협회·단체 | B18: =COUNTIF(종합!$G$3:$G$501,"협회·단체") -> 11 | C18: =COUNTIFS(종합!$G$3:$G$501,"협회·단체",종합!$C$3:$C$501,"?*") -> 2 | D18: =COUNTIFS(종합!$G$3:$G$501,"협회·단체",종합!$D$3:$D$501,"?*") -> 3 | E18: =COUNTIFS(종합!$G$3:$G$501,"협회·단체",종합!$E$3:$E$501,"?*") -> 8 | F18: =COUNTIFS(종합!$G$3:$G$501,"협회·단체",종합!$F$3:$F$501,"?*") -> 1
A19: 합계 | B19: =SUM(B13:B18) -> 299 | C19: =SUM(C13:C18) -> 129 | D19: =SUM(D13:D18) -> 127 | E19: =SUM(E13:E18) -> 65 | F19: =SUM(F13:F18) -> 35
A20: 유형 미입력 | B20: =B4-B19 -> 0
A21: ※ 유형 확인 필요(추정 분류) | B21: =COUNTIF(종합!AA2:AA400,"*유형 확인*") -> 0
A23: 기업유형 분류 기준
A24: 대기업 | B24: 공정거래위원회 공시대상기업집단(자산총액 5조 원 이상, 2026.5.1 기준 102개 집단) 소속 회사. 상호출자제한기업집단(12조 원 이상) 포함. [출처: https://www.gnnnews.kr/167337]
A25: 중견기업 | B25: 「중견기업 성장촉진 및 경쟁력 강화에 관한 특별법」 제2조: 중소기업이 아니면서 상호출자제한기업집단·공공기관이 아닌 기업(공개 매출·자산 규모로 판정, 추정 시 ※). [출처: https://www.law.go.kr/LSW/lsInfoP.do?lsiSeq=195180]
A26: 중소기업 | B26: 「중소기업기본법」 시행령 별표1: 업종별 3년 평균매출액 400~1,500억 원 이하이고 자산총액 5천억 원 미만. 스타트업·벤처 포함. 위 기준에 해당하지 않는 영리법인은 기본값으로 중소기업 분류. [출처: https://www.mss.go.kr/site/smba/contents/view.do?menuCd=20103040000002024122824&siteCd=smba]
A27: 공공기관 | B27: 「공공기관의 운영에 관한 법률」 지정기관(공기업·준정부기관·기타공공기관, 정부출연연구기관 포함), 지자체 출연기관, 국가행정기관. [출처: https://www.law.go.kr/LSW/lsInfoP.do?lsId=010375&ancYnChk=0]
A28: 대학 | B28: 고등교육법상 대학 및 산학협력단.
A29: 협회·단체 | B29: 비영리 사단·재단법인, 협회·연합회·진흥원 등 회원제 단체(영리 주식회사 형태는 제외).

Sheet 종합
A1: 기업(기관) 정보 | O1: 활동 임원 | U1: 활동 실무 | AB1: [자동] 분과 시트 연동용 — 수정 금지
A2: No | B2: 회사(기관, 대학)명 | C2: 기술 | D2: 산업 | E2: 생태계 | F2: 안전·신뢰 | G2: 기업유형 | H2: 사업자등록번호 | I2: 대표자 | J2: 대표전화 | K2: 홈페이지 | L2: 이메일 주소 | M2: 주소 | N2: AI 전문 분야 및 보유기술·서비스(솔루션) | O2: 성명 | P2: 부서 | Q2: 직위/직책 | R2: 전화번호 | S2: 이메일 | T2: 휴대전화 번호 | U2: 성명 2 | V2: 부서 2 | W2: 직위/직책 2 | X2: 전화번호 2 | Y2: 이메일 2 | Z2: 휴대전화 번호 2 | AA2: 비고 | AB2: 기술 | AC2: 산업 | AD2: 생태계 | AE2: 안전·신뢰
A3: =IF(B3="","",ROW()-2) -> 1 | B3: 주식회사 케이솔루션즈 | D3: O | G3: 중소기업 | H3: 134-87-20969 | I3: 김민수 | J3: 02-6415-2236 | K3: https://www.ksolution.kr | L3: kangwoongkim@gmail.com | M3: 서울특별시 금천구 가산디지털1로 225, 418, 419호 | N3: Agentic AI MES, Agentic AI ERP, AI 기반 산업안전 솔루션 | O3: 김민수 | P3: - | Q3: 대표이사 | R3: - | S3: mskim@ksolution.kr | T3: 010-2236-3656 | U3: 김강웅 | V3: AX사업부 | W3: 이사 | X3: - | Y3: kwkim@ksolution.kr | Z3: 010-4526-3280 | AB3: =IF(LEN($C3)>0,COUNT(AB$1:AB2)+1,"") | AC3: =IF(LEN($D3)>0,COUNT(AC$1:AC2)+1,"") -> 1 | AD3: =IF(LEN($E3)>0,COUNT(AD$1:AD2)+1,"") | AE3: =IF(LEN($F3)>0,COUNT(AE$1:AE2)+1,"")
A4: =IF(B4="","",ROW()-2) -> 2 | B4: 농업회사법인 (주)온팜 | D4: O | G4: 중소기업 | H4: 291-88-01904 | I4: 정원기 | J4: 063-714-4977 | K4: beeonfarm.com | L4: magiclub72@gmail.com | M4: 전북 전주시 덕진구 오공로 43-32 대동빌딩 301호 | N4: 디지털 양봉 시스템/ GIS기반 전국 밀원분포 및 꿀벌 폐사위험 지도 | O4: 정원기 | P4: 대표 | Q4: 대표 | R4: 063-714-4977 | S4: onfarm@onfarm.co.kr | T4: 010-8760-9001 | U4: 김은환 | V4: 비온팜 | W4: 매니저 | X4: 063-714-4977 | Y4: before00@onfarm.co.kr | Z4: 010-5481-0716 | AA4: 2지망 생태계 신청 | AB4: =IF(LEN($C4)>0,COUNT(AB$1:AB3)+1,"") | AC4: =IF(LEN($D4)>0,COUNT(AC$1:AC3)+1,"") -> 2 | AD4: =IF(LEN($E4)>0,COUNT(AD$1:AD3)+1,"") | AE4: =IF(LEN($F4)>0,COUNT(AE$1:AE3)+1,"")
A5: =IF(B5="","",ROW()-2) -> 3 | B5: 에스큐케이 주식회사 | D5: O | G5: 중소기업 | H5: 316-87-02767 | I5: 손영제 | J5: 010-2989-1979 | K5: www.sqkcloud.com | L5: branki@gmail.com | M5: 서울시 강서구 마곡중앙8로 14 | N5: AI 모델 리파인먼트 & 파인튜닝 | O5: 손영제 | P5: 연구소 | Q5: 대표 | R5: 010-2989-1979 | S5: branki@sqkcloud.com | T5: 010-2989-1979 | U5: 손영제 | V5: 연구소 | W5: 대표 | X5: 010-2989-1979 | Y5: branki@sqkcloud.com | Z5: 010-2989-1979 | AB5: =IF(LEN($C5)>0,COUNT(AB$1:AB4)+1,"") | AC5: =IF(LEN($D5)>0,COUNT(AC$1:AC4)+1,"") -> 3 | AD5: =IF(LEN($E5)>0,COUNT(AD$1:AD4)+1,"") | AE5: =IF(LEN($F5)>0,COUNT(AE$1:AE4)+1,"")
A6: =IF(B6="","",ROW()-2) -> 4 | B6: 맨인블록 주식회사 | D6: O | G6: 중소기업 | H6: 731-86-02727 | I6: 박종형 | J6: 070-4012-1591 | K6: www.meninblox.com | L6: azuspark@gmail.com | M6: 광주광역시 북구 첨단과기로 339, 2층 214호 | N6: 의료, 헬스케어 | O6: 박종형 | P6: 개발실 | Q6: 대표이사 | R6: 070-4012-1591 | S6: benjamin@meninblox.com | T6: 010-2474-4797 | U6: 김은실 | V6: 경영젼략실 | W6: 이사 | X6: 070-4012-1591 | Y6: lucy@meninblox.com | Z6: 010-9371-4756 | AA6: 2지망 생태계 신청 | AB6: =IF(LEN($C6)>0,COUNT(AB$1:AB5)+1,"") | AC6: =IF(LEN($D6)>0,COUNT(AC$1:AC5)+1,"") -> 4 | AD6: =IF(LEN($E6)>0,COUNT(AD$1:AD5)+1,"") | AE6: =IF(LEN($F6)>0,COUNT(AE$1:AE5)+1,"")
A7: =IF(B7="","",ROW()-2) -> 5 | B7: 주식회사 에스에이티정보 | D7: O | G7: 중소기업 | H7: 119-86-26690 | I7: 오세용 | J7: 010-9005-5197 | K7: www.satu.co.kr | L7: a90055197@gmail.com | M7: 서울 구로구 디지털로 30길 28, 마리오타워 1401호 | N7: 문서 전처리(정제) 솔루션, 개인정보 비식별솔루션, RAG 플랫폼 등 | O7: 오세용 | P7: 경영 | Q7: 대표 | R7: 02-857-3051 | S7: ohsy@satu.co.kr | T7: 010-9005-5197 | U7: 오세용 | V7: 경영 | W7: 대표 | X7: 02-857-3051 | Y7: ohsy@satu.co.kr | Z7: 010-9005-5197 | AA7: 2지망 생태계 신청 | AB7: =IF(LEN($C7)>0,COUNT(AB$1:AB6)+1,"") | AC7: =IF(LEN($D7)>0,COUNT(AC$1:AC6)+1,"") -> 5 | AD7: =IF(LEN($E7)>0,COUNT(AD$1:AD6)+1,"") | AE7: =IF(LEN($F7)>0,COUNT(AE$1:AE6)+1,"")
A8: =IF(B8="","",ROW()-2) -> 6 | B8: 주식회사 씨에스리 | D8: O | G8: 중소기업 | H8: 105-87-86298 | I8: 이춘식 | J8: 02-307-0182 | K8: www.cslee.co.kr | L8: brightenhome@gmail.com | M8: 서울특별시 마포구 월드컵북로 396 누리꿈스퀘어 비즈니스타워 8층 | N8: 생성형 AI, 제조AI, RAG, CSMinwon, CSAufit, CSAIQ, CSBuzz | O8: 윤희우 | P8: AX사업부문 | Q8: 이사/부문장 | R8: 010-5645-9912 | S8: hwyoon@cslee.co.kr | T8: 010-5645-9912 | U8: 정두현 | V8: AIOps사업부 | W8: 기술이사/사업부장 | X8: 02-6356-4608 | Y8: chungpe@cslee.co.kr | Z8: 010-7362-6878 | AB8: =IF(LEN($C8)>0,COUNT(AB$1:AB7)+1,"") | AC8: =IF(LEN($D8)>0,COUNT(AC$1:AC7)+1,"") -> 6 | AD8: =IF(LEN($E8)>0,COUNT(AD$1:AD7)+1,"") | AE8: =IF(LEN($F8)>0,COUNT(AE$1:AE7)+1,"")
A9: =IF(B9="","",ROW()-2) -> 7 | B9: (주)사이냅소프트 | D9: O | E9: O | G9: 중소기업 | H9: 214-86-64984 | I9: 전경헌 | J9: 02-2039-3780 | K9: https://www.synapsoft.co.kr/ | L9: synapsoft@gmail.com | M9: 서울 강서구 마곡중앙4로 62 사이냅소프트 | N9: 사이냅 어시스턴트, 사이냅 도큐애널라이저 , 사이냅 OCR, 보이스애널라이저 등 | O9: 정진남 | P9: 공공영업팀 | Q9: 이사 | R9: 010-8759-7923 | S9: jjn0802@synapsoft.co.kr | T9: 010-8759-7923 | U9: 김윤서 | V9: 마케팅 | W9: 사원 | X9: 010-3012-9110 | Y9: rdyun25@synapsoft.co.kr | Z9: 010-3012-9110 | AB9: =IF(LEN($C9)>0,COUNT(AB$1:AB8)+1,"") | AC9: =IF(LEN($D9)>0,COUNT(AC$1:AC8)+1,"") -> 7 | AD9: =IF(LEN($E9)>0,COUNT(AD$1:AD8)+1,"") -> 1 | AE9: =IF(LEN($F9)>0,COUNT(AE$1:AE8)+1,"")
A10: =IF(B10="","",ROW()-2) -> 8 | B10: 주식회사 데이터누리 | D10: O | G10: 중소기업 | H10: 199-81-01308 | I10: 강태원 | J10: 02-6953-5313 | K10: www.datanuri.net | L10: naraerhee88@gmail.com | M10: 서울시 강서구 마곡중앙2로 39, 호디빌딩 3층 | N10: Metis DPP(Data Pipeline Platform) | O10: 강태원 | P10: - | Q10: 대표이사 | R10: 02-6953-5017 | S10: twkang@datanuri.net | T10: 010-2981-5084 | U10: 우형제 | V10: - | W10: 부사장 | X10: 02-6953-5413 | Y10: hjwoo@datanuri.net | Z10: 010-6400-5413 | AB10: =IF(LEN($C10)>0,COUNT(AB$1:AB9)+1,"") | AC10: =IF(LEN($D10)>0,COUNT(AC$1:AC9)+1,"") -> 8 | AD10: =IF(LEN($E10)>0,COUNT(AD$1:AD9)+1,"") | AE10: =IF(LEN($F10)>0,COUNT(AE$1:AE9)+1,"")
A11: =IF(B11="","",ROW()-2) -> 9 | B11: 주식회사 와탭랩스 | D11: O | G11: 중소기업 | H11: 851-88-00084 | I11: 이동인 | J11: 02-565-1803 | K11: https://whatap.io/ko | L11: yiseo@whatap.io | M11: 서울특별시 서초구 서초대로77길 17, 13층 1303호 | N11: 통합 Observability 서비스 | O11: 서영일 | P11: COO | Q11: COO | R11: 010-3255-6480 | S11: yiseo@whatap.io | T11: 010-3255-6480 | U11: 서영일 | V11: COO | W11: COO | X11: 010-3255-6480 | Y11: yiseo@whatap.io | Z11: 010-3255-6480 | AA11: 2지망 생태계 신청 | AB11: =IF(LEN($C11)>0,COUNT(AB$1:AB10)+1,"") | AC11: =IF(LEN($D11)>0,COUNT(AC$1:AC10)+1,"") -> 9 | AD11: =IF(LEN($E11)>0,COUNT(AD$1:AD10)+1,"") | AE11: =IF(LEN($F11)>0,COUNT(AE$1:AE10)+1,"")
A12: =IF(B12="","",ROW()-2) -> 10 | B12: 트래시스(주) | D12: O | G12: 중소기업 | H12: 538-88-01948 | I12: 양국승 | J12: 062-653-5555 | K12: www.trasys.net | L12: trasys21@gmail.com | M12: 광주광역시 북구 오룡동 1013 AICA 302호 | N12: 안전+지능(위험성평가), 리;본톡(트라우마상담) | O12: 양국승 | P12: 연구소 | Q12: 대표이사 | R12: 062-653-5555 | S12: trasys21@nate.com | T12: 010-8833-8019 | U12: 정재창 | V12: 연구소 | W12: 연구소장 | X12: 062-653-5555 | Y12: trasys21@nate.com | Z12: 010-9942-9247 | AB12: =IF(LEN($C12)>0,COUNT(AB$1:AB11)+1,"") | AC12: =IF(LEN($D12)>0,COUNT(AC$1:AC11)+1,"") -> 10 | AD12: =IF(LEN($E12)>0,COUNT(AD$1:AD11)+1,"") | AE12: =IF(LEN($F12)>0,COUNT(AE$1:AE11)+1,"")
A13: =IF(B13="","",ROW()-2) -> 11 | B13: 주식회사 케파스 | D13: O | G13: 중소기업 | H13: 105-87-39024 | I13: 주성돈 | J13: 010-3720-0580 | K13: www.kephas.kr | L13: ksksdjoo@gmail.com | M13: 강남구 논현로38길 16 | N13: FAROS-AI, FAROS-IOMS | O13: 주성돈 | P13: 경영 | Q13: 대표 | R13: 010-3720-0580 | S13: arnoldjoo@kephas.kr | T13: 010-3720-0580 | U13: 안광모 | V13: 부설연구소 | W13: 소장 | X13: 010-2439-2727 | Y13: gmahn@kephas.kr | Z13: 010-2439-2727 | AB13: =IF(LEN($C13)>0,COUNT(AB$1:AB12)+1,"") | AC13: =IF(LEN($D13)>0,COUNT(AC$1:AC12)+1,"") -> 11 | AD13: =IF(LEN($E13)>0,COUNT(AD$1:AD12)+1,"") | AE13: =IF(LEN($F13)>0,COUNT(AE$1:AE12)+1,"")
A14: =IF(B14="","",ROW()-2) -> 12 | B14: 주식회사 랭코드 | D14: O | G14: 중소기업 | H14: 567-81-01670 | I14: 김민준 | J14: 010-5511-4898 | K14: https://langcode.io/cxp | L14: marketjustice@gmail.com | M14: 서울특별시 서초구 서초대로50길 35, 8층 | N14: 기업용 AI 에이전트 플랫폼 및 통합 에이전트 허브 (랭코드 CXP) | O14: 김민준 | P14: C-Level | Q14: 대표이사 | R14: 010-5511-4898 | S14: admin@langcode.io | T14: 010-5511-4898 | U14: 손준희 | V14: 경영관리 | W14: 매니저 | X14: 010-9555-3581 | Y14: jhson@langcode.io | Z14: 010-9555-3581 | AB14: =IF(LEN($C14)>0,COUNT(AB$1:AB13)+1,"") | AC14: =IF(LEN($D14)>0,COUNT(AC$1:AC13)+1,"") -> 12 | AD14: =IF(LEN($E14)>0,COUNT(AD$1:AD13)+1,"") | AE14: =IF(LEN($F14)>0,COUNT(AE$1:AE13)+1,"")
A15: =IF(B15="","",ROW()-2) -> 13 | B15: 주식회사 베슬에이아이코리아 | D15: O | G15: 중소기업 | H15: 884-81-01731 | I15: 안재만 | J15: 010-2274-3161 | K15: https://vessl.ai | L15: jaden@vessl.ai | M15: 서울특별시 강남구 테헤란로5길 7, 13층(KG타워) | N15: GPUaaS/Orchstration 을 메인으로 하고, AI Agent Builder를 활용한 업무용 AI Agent를 엔터프라이즈 및 공공을 대상으로 병행함. | O15: 박준우 | P15: 사업부서 | Q15: 본부장 | R15: 010-9680-9607 | S15: jaden@vessl.ai | T15: 010-9680-9607 | U15: 박용규 | V15: 사업 | W15: 이사 | X15: 010-4095-3234 | Y15: mark@vessl.ai | Z15: 010-4095-3234 | AA15: 2지망 생태계 신청 | AB15: =IF(LEN($C15)>0,COUNT(AB$1:AB14)+1,"") | AC15: =IF(LEN($D15)>0,COUNT(AC$1:AC14)+1,"") -> 13 | AD15: =IF(LEN($E15)>0,COUNT(AD$1:AD14)+1,"") | AE15: =IF(LEN($F15)>0,COUNT(AE$1:AE14)+1,"")
A16: =IF(B16="","",ROW()-2) -> 14 | B16: (주)시즐 | D16: O | G16: 중소기업 | H16: 204-88-00482 | I16: 이지현 | J16: 032-458-5520 | K16: www.sizl.co.kr | L16: hanmanju88@gmail.com | M16: 인천광역시 연수구 갯벌로12, 미추홀타워 1804호 | N16: Agentic AI Brain | O16: 김현영 | P16: SDx 본부 | Q16: 부사장/본부장 | R16: 010-9044-4536 | S16: khy@sizl.co.kr | T16: 010-9044-4536 | U16: 한만주 | V16: 컨설팅팀 | W16: 과장/팀장 | X16: 010-7187-3416 | Y16: hmj@sizl.co.kr | Z16: 010-7187-3416 | AB16: =IF(LEN($C16)>0,COUNT(AB$1:AB15)+1,"") | AC16: =IF(LEN($D16)>0,COUNT(AC$1:AC15)+1,"") -> 14 | AD16: =IF(LEN($E16)>0,COUNT(AD$1:AD15)+1,"") | AE16: =IF(LEN($F16)>0,COUNT(AE$1:AE15)+1,"")
A17: =IF(B17="","",ROW()-2) -> 15 | B17: 주식회사 바이트사이즈 | D17: O | G17: 중소기업 | H17: 350-86-03129 | I17: 위영량 | J17: 051-717-0454 | K17: https://www.thebytesize.ai/ | L17: cleanupkorea@gmail.com | M17: 부산시 진구 엄광로 176 | N17: 신발·패션 제조산업을 중심으로 생성형 AI 및 Agentic AI 기반 디자인·품질·제조 업무 자동화 솔루션을 | O17: 위영량 | P17: 대표 | Q17: 대표 | R17: 051-717-0454 | S17: bytesize@thebytesize.co.kr | T17: 010-3069-5885 | U17: 정기철 | V17: 전략기획 | W17: 부장 | X17: 051-717-0454 | Y17: roy.jung@thebytesize.ai | Z17: 010-2205-9719 | AB17: =IF(LEN($C17)>0,COUNT(AB$1:AB16)+1,"") | AC17: =IF(LEN($D17)>0,COUNT(AC$1:AC16)+1,"") -> 15 | AD17: =IF(LEN($E17)>0,COUNT(AD$1:AD16)+1,"") | AE17: =IF(LEN($F17)>0,COUNT(AE$1:AE16)+1,"")
A18: =IF(B18="","",ROW()-2) -> 16 | B18: 주식회사 씨더스 농업회사법인 | D18: O | G18: 중소기업 | H18: 314-86-15920 | I18: 조성환 | J18: 042-710-4035 | K18: www.seeders.co.kr | L18: jhl9627@seeders.co.kr | M18: 대전시 중구 중앙로 118, 5층 | N18: AI 육종 시뮬레이션 플랫폼, AI 재배관리 에이전트 플랫폼 | O18: 조성환 | P18: 경영총괄 | Q18: CEO | R18: 010-6417-0614 | S18: shjo@seeders.co.kr | T18: 010-6417-0614 | U18: 정혜리 | V18: 경영 | W18: 부사장 | X18: 010-3484-9645 | Y18: jhl9627@seeders.co.kr | Z18: 010-3484-9645 | AB18: =IF(LEN($C18)>0,COUNT(AB$1:AB17)+1,"") | AC18: =IF(LEN($D18)>0,COUNT(AC$1:AC17)+1,"") -> 16 | AD18: =IF(LEN($E18)>0,COUNT(AD$1:AD17)+1,"") | AE18: =IF(LEN($F18)>0,COUNT(AE$1:AE17)+1,"")
A19: =IF(B19="","",ROW()-2) -> 17 | B19: (주)엘리스그룹 | D19: O | G19: 중소기업 | H19: 581-88-00303 | I19: 김재원 | J19: 1833-2677 | K19: https://elice.io/ko | L19: dahye.elice@gmail.com | M19: 서울시 강남구 선릉로 433, 신관 6 | N19: AI교육 플랫폼, AI솔루션, GPU 클라우드 등 | O19: 김수인 | P19: CRO디비전 | Q19: CRO(사내이사) | R19: 1833-2677 | S19: suin@elicer.com | T19: 010-5186-7109 | U19: 홍다혜 | V19: 공공사업AX팀 | W19: 팀장 | X19: 1833-2677 | Y19: dh@elicer.com | Z19: 010-9641-3299 | AB19: =IF(LEN($C19)>0,COUNT(AB$1:AB18)+1,"") | AC19: =IF(LEN($D19)>0,COUNT(AC$1:AC18)+1,"") -> 17 | AD19: =IF(LEN($E19)>0,COUNT(AD$1:AD18)+1,"") | AE19: =IF(LEN($F19)>0,COUNT(AE$1:AE18)+1,"")
A20: =IF(B20="","",ROW()-2) -> 18 | B20: (주)데이터사이언스랩 | D20: O | G20: 중소기업 | H20: 274-87-00470 | I20: 유희경 | J20: 02-565-1123 | K20: www.dataslab.co.kr | L20: gis.hkyoo@gmail.com | M20: 서울시 송파구 법원로 8길 8, 문정역2차 SK V1 604호 | N20: Agentic Datascientist (분석가 에이전트), ToR-RAG | O20: 유희경 | P20: 경영 | Q20: 대표이사 | R20: 010-4424-4479 | S20: hkyoo@dataslab.co.kr | T20: 010-4424-4479 | U20: 김원배 | V20: 기업부설연구소 | W20: 연구소장 | X20: 02-565-1123 | Y20: wonkim@dataslab.co.kr | Z20: 010-3400-4527 | AB20: =IF(LEN($C20)>0,COUNT(AB$1:AB19)+1,"") | AC20: =IF(LEN($D20)>0,COUNT(AC$1:AC19)+1,"") -> 18 | AD20: =IF(LEN($E20)>0,COUNT(AD$1:AD19)+1,"") | AE20: =IF(LEN($F20)>0,COUNT(AE$1:AE19)+1,"")
A21: =IF(B21="","",ROW()-2) -> 19 | B21: (주)미소정보기술 | D21: O | G21: 중소기업 | H21: 220-87-25270 | I21: 남상도 | J21: 02-2205-0551 | K21: www.misoinfo.co.kr | L21: jaeminet@gmail.com | M21: 경기도 과천시 과천대로 12길 117, 과천펜타원 G동 1402호 | N21: SmartBIG, Daxi, SmartTA, SmartMDQ(조달혁신제품) Ai멀티모달데이터플랫폼 외 | O21: 박준욱 | P21: 강원지사 | Q21: 지사장/ 상무이사 | R21: 033-764-0553 | S21: tony@misoinfo.co.kr | T21: 010-7731-7367 | U21: 김성우 | V21: 강원지사 | W21: 팀장(공학박사)/ 부장 | X21: 033-764-0553 | Y21: kimsw0912@misoinfo.co.kr | Z21: 010-8436-2772 | AA21: 2지망 생태계 신청 | AB21: =IF(LEN($C21)>0,COUNT(AB$1:AB20)+1,"") | AC21: =IF(LEN($D21)>0,COUNT(AC$1:AC20)+1,"") -> 19 | AD21: =IF(LEN($E21)>0,COUNT(AD$1:AD20)+1,"") | AE21: =IF(LEN($F21)>0,COUNT(AE$1:AE20)+1,"")
A22: =IF(B22="","",ROW()-2) -> 20 | B22: (주)비아이매트릭스 | D22: O | G22: 중소기업 | H22: 120-86-79936 | I22: 배영근 | J22: 02-561-4475 | K22: www.bimatrix.co.kr | L22: bimatrixkorea@gmail.com | M22: 서울 강남구 선릉로 433 (역삼동) 세방빌딩 신관 17층 | N22: 온톨로지 기반 Agentic AI 개발 플랫폼 TRINITY/말로 하는 DB 데이터 분석 AI 솔루션 G-MATRIX/업무시스템 구축 AI 솔루션 AUD플랫폼 | O22: 배영근 | P22: 대표이사 | Q22: 대표이사 | R22: 02-561-4475 | S22: bae@bimatrix.co.kr | T22: 010-9132-4361 | U22: 정해선 | V22: 마테팅 | W22: 차장 | X22: 070-4338-5415 | Y22: mktg@bimatrix.co.kr | Z22: 010-9959-9529 | AB22: =IF(LEN($C22)>0,COUNT(AB$1:AB21)+1,"") | AC22: =IF(LEN($D22)>0,COUNT(AC$1:AC21)+1,"") -> 20 | AD22: =IF(LEN($E22)>0,COUNT(AD$1:AD21)+1,"") | AE22: =IF(LEN($F22)>0,COUNT(AE$1:AE21)+1,"")
A23: =IF(B23="","",ROW()-2) -> 21 | B23: 국제드론표준산업협회 Ko-Biz Alliance Co.,LTD | D23: O | G23: 협회·단체 | H23: 619-82-62882 | I23: 박종민 | J23: 010-9279-3437 | K23: www.idsia.co.kr | L23: idssaceo@gmail.com | M23: 경기도 김포시 김포한강2로72번길10, 113호(라베니체) | N23: ICT국제표준전문가, ICT기술표준자문전문가, 한국드론시스템 국가표준위원, 피지컬AI드론기술시스템(AI민군드론통합시스템 : 물류배송, 농업, 감시정찰, 인스팩션, 드론항공안전 등) | O23: 박종민 | P23: ICT국제표준화본부 | Q23: 대표/대표 | R23: 010-9279-3437 | S23: dronesquare@naver.com | T23: 010-9279-3437 | U23: 김용진 | V23: ICT국제표준화본부 | W23: 이사/부회장 | X23: 010-5074-2224 | Y23: kim292224@naver.com | Z23: 010-5074-2224 | AA23: 2지망 생태계 신청 | AB23: =IF(LEN($C23)>0,COUNT(AB$1:AB22)+1,"") | AC23: =IF(LEN($D23)>0,COUNT(AC$1:AC22)+1,"") -> 21 | AD23: =IF(LEN($E23)>0,COUNT(AD$1:AD22)+1,"") | AE23: =IF(LEN($F23)>0,COUNT(AE$1:AE22)+1,"")
A24: =IF(B24="","",ROW()-2) -> 22 | B24: 주식회사 비에이치에스엔 | D24: O | G24: 중소기업 | H24: 266-87-01764 | I24: 임정근 | J24: 02-521-2999 | K24: https://bhsn.ai/ | L24: hjjeon@bhsn.ai | M24: 서울특별시 강남구 삼성로 570, 5층 (06163) | N24: 리걸 특화 LLM 및 에이전트(법령, 판례 검색 및 업무 자동화 서비스) | O24: 임정근 | P24: CEO | Q24: CEO | R24: 02-521-2999 | S24: jklim@bhsn.ai | T24: 010-9153-5280 | U24: 전혜주 | V24: 비즈니스팀 | W24: PM | X24: 010-8525-7309 | Y24: hjjeon@bhsn.ai | Z24: 010-8525-7309 | AA24: 2지망 생태계 신청 | AB24: =IF(LEN($C24)>0,COUNT(AB$1:AB23)+1,"") | AC24: =IF(LEN($D24)>0,COUNT(AC$1:AC23)+1,"") -> 22 | AD24: =IF(LEN($E24)>0,COUNT(AD$1:AD23)+1,"") | AE24: =IF(LEN($F24)>0,COUNT(AE$1:AE23)+1,"")
A25: =IF(B25="","",ROW()-2) -> 23 | B25: 주식회사 데이원컴퍼니 | D25: O | G25: 중소기업 | H25: 810-86-00658 | I25: 이강민 | J25: 010-9158-5979 | K25: https://day1company.co.kr/ | L25: sunyoung.chae@day1company.co.kr | M25: 서울 강남구 테헤란로 231, 센터필드 WEST 6~7층 | N25: AI기반 교육서비스 / 스킬플로(자연어검색, 개인맞춤형 큐레이션), 스킬매치(AI직무스킬진단), AI튜터(온라인AI강사), | O25: 신해동 | P25: 패스트캠퍼스 | Q25: 대표 | R25: 010-8875-5896 | S25: haedong@day1company.co.kr | T25: 010-8875-5896 | U25: 김지훈 | V25: B2G부문 | W25: 부문대표 | X25: 010-9064-8413 | Y25: jhkim@day1company.co.kr | Z25: 010-9064-8413 | AA25: 2지망 생태계 신청 | AB25: =IF(LEN($C25)>0,COUNT(AB$1:AB24)+1,"") | AC25: =IF(LEN($D25)>0,COUNT(AC$1:AC24)+1,"") -> 23 | AD25: =IF(LEN($E25)>0,COUNT(AD$1:AD24)+1,"") | AE25: =IF(LEN($F25)>0,COUNT(AE$1:AE24)+1,"")
A26: =IF(B26="","",ROW()-2) -> 24 | B26: ㈜이큐포올 | D26: O | G26: 중소기업 | H26: 161-81-00885 | I26: 이인구 | J26: 02-6207-7897 | K26: https://www.eq4all.co.kr/ | L26: edenlee@eq4all.co.kr | M26: 서울특별시 강남구 논현로76길 11, 4층(역삼동, 코람벤처빌딩) | N26: 정보 접근성 (수어/쉬운 정보), 3D 수어 아바타 번역 기술, 쉬운 정보 변환 기술 | O26: 이인구 | P26: (공란) | Q26: 대표 | R26: 02-6207-7897 | S26: kevinlee@eq4all.co.kr | T26: 010-4227-3841 | U26: 주소현 | V26: 이사 | W26: 마케팅실 | X26: 02-6207-7897 | Y26: josephinejoo@eq4all.co.kr | Z26: 010-3490-6723 | AA26: 2지망 생태계 신청 | AB26: =IF(LEN($C26)>0,COUNT(AB$1:AB25)+1,"") | AC26: =IF(LEN($D26)>0,COUNT(AC$1:AC25)+1,"") -> 24 | AD26: =IF(LEN($E26)>0,COUNT(AD$1:AD25)+1,"") | AE26: =IF(LEN($F26)>0,COUNT(AE$1:AE25)+1,"")
A27: =IF(B27="","",ROW()-2) -> 25 | B27: (주)오픈네트웍시스템 | D27: O | G27: 중소기업 | H27: 107-81-69444 | I27: 박봉균 | J27: 1544-0357 | K27: https://open-network.co.kr/ | L27: parksujin0906@gmail.com | M27: 경기도 의왕시 이미로 40, B동 907호 인덕원 IT밸리 | N27: LLMOps 플랫폼 및 ONS AX Foundry 서비스 | O27: 박종일 | P27: S/W 개발부 | Q27: 매니저 | R27: 010-5348-5208 | S27: jongpark@open-network.co.kr | T27: 010-5348-5208 | U27: 박수진 | V27: 영업부 | W27: 매니저 | X27: 010-8817-5208 | Y27: sujin@open-network.co.kr | Z27: 010-8817-5208 | AB27: =IF(LEN($C27)>0,COUNT(AB$1:AB26)+1,"") | AC27: =IF(LEN($D27)>0,COUNT(AC$1:AC26)+1,"") -> 25 | AD27: =IF(LEN($E27)>0,COUNT(AD$1:AD26)+1,"") | AE27: =IF(LEN($F27)>0,COUNT(AE$1:AE26)+1,"")
A28: =IF(B28="","",ROW()-2) -> 26 | B28: 바운드포 주식회사 | D28: O | G28: 중소기업 | H28: 617-87-01415 | I28: 황인호 | J28: 010-9996-2707 | K28: www.bound4.co.kr | L28: inhovation@bound4.co.kr | M28: 서울시 강남구 언주로 617 3층 | N28: 드로파이(DROPAI) - GPDataOps | O28: 황인호 | P28: 경영전략팀 | Q28: 대표이사 | R28: 010-9996-2707 | S28: inhovation@bound4.co.kr | T28: 010-9996-2707 | U28: 황인호 | V28: 경영전략팀 | W28: 대표이사 | X28: 010-9996-2707 | Y28: inhovation@bound4.co.kr | Z28: 010-9996-2707 | AB28: =IF(LEN($C28)>0,COUNT(AB$1:AB27)+1,"") | AC28: =IF(LEN($D28)>0,COUNT(AC$1:AC27)+1,"") -> 26 | AD28: =IF(LEN($E28)>0,COUNT(AD$1:AD27)+1,"") | AE28: =IF(LEN($F28)>0,COUNT(AE$1:AE27)+1,"")
A29: =IF(B29="","",ROW()-2) -> 27 | B29: 럽디(주) | D29: O | G29: 중소기업 | H29: 651-81-00409 | I29: 김나라 | J29: 02-752-0719 | K29: https://luvd.co.kr | L29: geoluck0725@gmail.com | M29: 서울 관악구 남부순환로 1698 | N29: AEO(Answer Engine Optimization)/ 및 GEO를 위한 분석/실행 기술 | O29: 이장원 | P29: 기업부설연구소 | Q29: 상무/CTO | R29: 010-9501-8096 | S29: jwlee@luvd.co.kr | T29: 010-9501-8096 | U29: 이장원 | V29: 기업부설연구소 | W29: 상무/CTO | X29: 010-9501-8096 | Y29: jwlee@luvd.co.kr | Z29: 010-9501-8096 | AB29: =IF(LEN($C29)>0,COUNT(AB$1:AB28)+1,"") | AC29: =IF(LEN($D29)>0,COUNT(AC$1:AC28)+1,"") -> 27 | AD29: =IF(LEN($E29)>0,COUNT(AD$1:AD28)+1,"") | AE29: =IF(LEN($F29)>0,COUNT(AE$1:AE28)+1,"")
A30: =IF(B30="","",ROW()-2) -> 28 | B30: (주)가온아이 | D30: O | G30: 중소기업 | H30: 211-86-97088 | I30: 조창제 | J30: 02-2140-5700 | K30: https://www.kaoni.com | L30: mjang3030@gmail.com | M30: 경기도 과천시 과천대로 12길 117 과천펜타원 D동 1~4층, 10~15층 | N30: KAON AI(일반 기업 협업 Agent, 기록관리 Agent, CCTV관제 및 안전 Agent) | O30: 조창제 | P30: - | Q30: 대표이사 | R30: 02-2140-5700 | S30: cjcho@kaoni.com | T30: 010-2546-9499 | U30: 전일권 | V30: 지식관리연구소 | W30: 전무/소장 | X30: 02-2140-5729 | Y30: ikjun@kaoni.com | Z30: 010-9166-3636 | AA30: 2지망 생태계 신청 | AB30: =IF(LEN($C30)>0,COUNT(AB$1:AB29)+1,"") | AC30: =IF(LEN($D30)>0,COUNT(AC$1:AC29)+1,"") -> 28 | AD30: =IF(LEN($E30)>0,COUNT(AD$1:AD29)+1,"") | AE30: =IF(LEN($F30)>0,COUNT(AE$1:AE29)+1,"")
A31: =IF(B31="","",ROW()-2) -> 29 | B31: 코코넛사일로 주식회사 | D31: O | G31: 중소기업 | H31: 677-88-01506 | I31: 김승용 | J31: 02-564-0309 | K31: https://www.coconutsilo.com | L31: hr@coconutsilo.com | M31: 서울특별시 구로구 디지털로31길 62, 제1712-1715호(구로동, 아티스포럼) | N31: AI 기반 SW 물류 포워딩 플랫폼 | O31: 김승용 | P31: CEO실 | Q31: 대표이사 | R31: 02-564-0309 | S31: seungyong@coconutsilo.com | T31: 010-2334-9342 | U31: 권성일 | V31: CTO실 | W31: 이사 | X31: 02-564-0309 | Y31: samuel@coconutsilo.com | Z31: 010-5544-8108 | AA31: 2지망 생태계 신청 | AB31: =IF(LEN($C31)>0,COUNT(AB$1:AB30)+1,"") | AC31: =IF(LEN($D31)>0,COUNT(AC$1:AC30)+1,"") -> 29 | AD31: =IF(LEN($E31)>0,COUNT(AD$1:AD30)+1,"") | AE31: =IF(LEN($F31)>0,COUNT(AE$1:AE30)+1,"")
A32: =IF(B32="","",ROW()-2) -> 30 | B32: 주식회사 아이티센클로잇 | D32: O | G32: 중견기업 | H32: 116-81-33315 | I32: 김우성 | J32: 010-7522-0966 | K32: https://itcencloit.com/ | L32: bschang@itcen.com | M32: 경기도 과천시 과천대로 12길 117, 과천펜타원 E동 (아이티센타워) | N32: AI 자체 솔루션(Agentic AI 플랫폼) 및 AI 기술 표준 (AgentGo) | O32: 이규진 | P32: AX사업본부 | Q32: 전무 / 본부장 | R32: 010-3664-6546 | S32: kjlee@itcen.com | T32: 010-3664-6546 | U32: 신기호 | V32: AX사업부 | W32: 상무 / 사업부장 | X32: 010-3509-7466 | Y32: ghshin@itcen.com | Z32: 010-3509-7466 | AA32: 2지망 생태계 신청 | AB32: =IF(LEN($C32)>0,COUNT(AB$1:AB31)+1,"") | AC32: =IF(LEN($D32)>0,COUNT(AC$1:AC31)+1,"") -> 30 | AD32: =IF(LEN($E32)>0,COUNT(AD$1:AD31)+1,"") | AE32: =IF(LEN($F32)>0,COUNT(AE$1:AE31)+1,"")
A33: =IF(B33="","",ROW()-2) -> 31 | B33: 주식회사 에이테크 | D33: O | G33: 중소기업 | H33: 685-86-00969 | I33: 김정완 | J33: 010-9591-3114 | K33: https://atech1221.com/ | L33: kikong1414@gmail.com | M33: 울산광역시 중구 종가로 655 혁신센트럴시티 307호 | N33: 제조 AI 통합 운영 관리 솔루션, AI Agent 기반 사무 자동화 지원 솔루션, 제조 데이터 기반 제조 KPI AI 예측 솔루션, 피지컬 AI 기반 로봇암 품질 개선 자동화 지원 솔루션 | O33: 서보경 | P33: 사업제안팀 | Q33: 수석/팀장 | R33: 010-3908-8301 | S33: sbgalex@atech1221.com | T33: 010-3908-8301 | U33: 권기광 | V33: AI 개발팀 | W33: 책임/팀장 | X33: 010-8807-0689 | Y33: kk.kwon@atech1221.com | Z33: 010-8807-0689 | AA33: 2지망 생태계 신청 | AB33: =IF(LEN($C33)>0,COUNT(AB$1:AB32)+1,"") | AC33: =IF(LEN($D33)>0,COUNT(AC$1:AC32)+1,"") -> 31 | AD33: =IF(LEN($E33)>0,COUNT(AD$1:AD32)+1,"") | AE33: =IF(LEN($F33)>0,COUNT(AE$1:AE32)+1,"")
A34: =IF(B34="","",ROW()-2) -> 32 | B34: 앵글컴퍼니 주식회사 | C34: O | D34: O | E34: O | G34: 중소기업 | H34: 172-88-02621 | I34: 박재범 | J34: 010-4717-8478 | K34: https://www.angle.im | L34: pjb@angle.im | M34: 서울시 강남구 테헤란로 79길 6, 3층 | N34: 헬스케어, 보험, 커머스, 제조 분야의 에이전틱 AI 에이전트 솔루션 | O34: 박재범 | P34: 대표이사 | Q34: 대표이사 | R34: 010-4717-8478 | S34: pjb@angle.im | T34: 010-4717-8478 | U34: 박재범 | V34: 대표이사 | W34: 대표이사 | X34: 010-4717-8478 | Y34: pjb@angle.im | Z34: 010-4717-8478 | AB34: =IF(LEN($C34)>0,COUNT(AB$1:AB33)+1,"") -> 1 | AC34: =IF(LEN($D34)>0,COUNT(AC$1:AC33)+1,"") -> 32 | AD34: =IF(LEN($E34)>0,COUNT(AD$1:AD33)+1,"") -> 2 | AE34: =IF(LEN($F34)>0,COUNT(AE$1:AE33)+1,"")
A35: =IF(B35="","",ROW()-2) -> 33 | B35: (주)컴퓨터메이트 | D35: O | G35: 중소기업 | H35: 515-81-31630 | I35: 서상인,김성호 | J35: 053-813-3008 | K35: https://www.computermate.co.kr/kor | L35: yuhyun.kim65@gmail.com | M35: 대구시 수성구 알파시티1로 35길 23 (대흥동) | N35: 제조분야 AI 솔루션(ADUP(이상탐지범용플랫폼) AD(설비이상탐지) QP(품질예측) OPC(최적공정조건)) TMS(시험관리시스템) CPS(가상물리시스템) | O35: 김유현 | P35: 부사장 | Q35: 부사장 | R35: 053-813-3008 | S35: yuhyun@computermate.co.kr | T35: 010-2253-4115 | U35: 김유현 | V35: 부사장 | W35: 부사장 | X35: 053-813-3008 | Y35: yuhyun@computermate.co.kr | Z35: 010-2253-4115 | AB35: =IF(LEN($C35)>0,COUNT(AB$1:AB34)+1,"") | AC35: =IF(LEN($D35)>0,COUNT(AC$1:AC34)+1,"") -> 33 | AD35: =IF(LEN($E35)>0,COUNT(AD$1:AD34)+1,"") | AE35: =IF(LEN($F35)>0,COUNT(AE$1:AE34)+1,"")
A36: =IF(B36="","",ROW()-2) -> 34 | B36: 사단법인 한국인공지능클라우드산업협회 | D36: O | G36: 협회·단체 | H36: 214-82-11607 | I36: 최지웅 | J36: 02-6354-0423 | K36: https://kcloud.or.kr | L36: skawn83@gmail.com | M36: 서울시 서초구 서초대로4길 4, 대진빌딩 2층, 3층 | N36: AI 클라우드 산업 지원 등 | O36: 함재춘 | P36: 사무국 | Q36: 사무국장 | R36: 02-6354-0422 | S36: jcham@kcloud.or.kr | T36: 010-3392-0043 | U36: 김남주 | V36: 클라우드융합팀 | W36: 수석팀장 | X36: 02-6354-0423 | Y36: skawn83@kcloud.or.kr | Z36: 010-8804-4324 | AB36: =IF(LEN($C36)>0,COUNT(AB$1:AB35)+1,"") | AC36: =IF(LEN($D36)>0,COUNT(AC$1:AC35)+1,"") -> 34 | AD36: =IF(LEN($E36)>0,COUNT(AD$1:AD35)+1,"") | AE36: =IF(LEN($F36)>0,COUNT(AE$1:AE35)+1,"")
A37: =IF(B37="","",ROW()-2) -> 35 | B37: 인프라닉스 주식회사 | D37: O | G37: 중소기업 | H37: 220-81-92632 | I37: 송 영 선 | J37: 02-598-3223 | K37: www.infranics.com | L37: young.song@infranicsmail.com | M37: 서울시 서초구 서추중앙로 66 서초빌딩 3층,5층 | N37: SysMaster Suite AI Manager/PHM,EO,PCF | O37: 송영선 | P37: 임원실 | Q37: 대표 | R37: 02-598-3223 | S37: young.song@infranicsmail.com | T37: 010-5330-9905 | U37: 심재승 | V37: 기술연구소/AI사업부 | W37: 부사장 | X37: 02-598-3223 | Y37: jae.shim@infranicsmail.com | Z37: 010-8871-7702 | AA37: 2지망 생태계 신청 | AB37: =IF(LEN($C37)>0,COUNT(AB$1:AB36)+1,"") | AC37: =IF(LEN($D37)>0,COUNT(AC$1:AC36)+1,"") -> 35 | AD37: =IF(LEN($E37)>0,COUNT(AD$1:AD36)+1,"") | AE37: =IF(LEN($F37)>0,COUNT(AE$1:AE36)+1,"")
A38: =IF(B38="","",ROW()-2) -> 36 | B38: (주)소울인포테크 | D38: O | G38: 중소기업 | H38: 123-86-18919 | I38: 황철연 | J38: 070-4280-4422 | K38: www.soulinfotech.com | L38: innsup@gmail.com | M38: 경기도 안양시 동안구 엘에스로116번길 25-32, 520호 | N38: 교통부문 시뮬레이션 및 AI 데이터 분석 | O38: 신인섭 | P38: 기업부설연구소 | Q38: 상무/연구소장 | R38: 070-4280-4422 | S38: innsup@soulint.com | T38: 010-8915-5829 | U38: 김영광 | V38: 기업부설연구소 | W38: 과장/연구원 | X38: 070-4280-4422 | Y38: kimyk@soulint.com | Z38: 010-5040-3389 | AA38: 2지망 생태계 신청 | AB38: =IF(LEN($C38)>0,COUNT(AB$1:AB37)+1,"") | AC38: =IF(LEN($D38)>0,COUNT(AC$1:AC37)+1,"") -> 36 | AD38: =IF(LEN($E38)>0,COUNT(AD$1:AD37)+1,"") | AE38: =IF(LEN($F38)>0,COUNT(AE$1:AE37)+1,"")
A39: =IF(B39="","",ROW()-2) -> 37 | B39: (주)제이에스시스템 | D39: O | G39: 중소기업 | H39: 503-81-66460 | I39: 이상도 | J39: 053-943-0154 | K39: http://js-system.co.kr/ | L39: leoyh23@gmail.com | M39: 대구광역시 수성구 알파시티1로 31길 39(대흥동, JSS빌딩) | N39: 제조 AI: 1. 생산관리/지시 최적화 솔루션; 2. 제조 LLM; 3. 설비고장예측 솔루션; 4. 통합품질관리솔루션 | O39: 이문용 | P39: 기획관리 | Q39: 상무 | R39: 053-943-0154 | S39: my@js-system.co.kr | T39: 010-6575-9686 | U39: 주리오 | V39: 기획관리 | W39: 과장/ 경기지사장 | X39: 053-943-0154 | Y39: leo@js-system.co.kr | Z39: 010-6313-9303 | AA39: 2지망 생태계 신청 | AB39: =IF(LEN($C39)>0,COUNT(AB$1:AB38)+1,"") | AC39: =IF(LEN($D39)>0,COUNT(AC$1:AC38)+1,"") -> 37 | AD39: =IF(LEN($E39)>0,COUNT(AD$1:AD38)+1,"") | AE39: =IF(LEN($F39)>0,COUNT(AE$1:AE38)+1,"")
A40: =IF(B40="","",ROW()-2) -> 38 | B40: 주식회사 인사이트온 | D40: O | G40: 중소기업 | H40: 522-88-00100 | I40: 박승래 | J40: 010-8686-5188 | K40: insighton.co.kr | L40: sr.victor.park@gmail.com | M40: 울산 중구 종가5길 21 | N40: Thingsflow(Low Code) & Neuroflow(Agentic AI) | O40: 박승래 | P40: 대표 | Q40: 대표 | R40: 010-8686-5188 | S40: victor.park@insighton.kr | T40: 010-8686-5188 | U40: 성령재 | V40: 연구소 | W40: 이사 | X40: 010-4520-3331 | Y40: rjseong@insighton.kr | Z40: 010-4520-3331 | AB40: =IF(LEN($C40)>0,COUNT(AB$1:AB39)+1,"") | AC40: =IF(LEN($D40)>0,COUNT(AC$1:AC39)+1,"") -> 38 | AD40: =IF(LEN($E40)>0,COUNT(AD$1:AD39)+1,"") | AE40: =IF(LEN($F40)>0,COUNT(AE$1:AE39)+1,"")
A41: =IF(B41="","",ROW()-2) -> 39 | B41: 주식회사 유니버스에이아이 | D41: O | G41: 중소기업 | H41: 422-87-03381 | I41: 추의민 | J41: 070-4149-2963 | K41: https://univs.ai/ | L41: cem@univs.ai | M41: 서울시 강남구 테헤란로33길 13-3, 2층 | N41: AI생체인식 알고리즘 및 실시간 감지 보안솔루션 | O41: 추의민 | P41: 총괄 | Q41: 대표이사 | R41: 070-4895-3906 | S41: cem@univs.ai | T41: 010-5083-9383 | U41: 이소담 | V41: 영업팀 | W41: 매니저 | X41: 070-4149-2963 | Y41: lsd@univs.ai | Z41: 010-9977-9287 | AA41: 2지망 생태계 신청 | AB41: =IF(LEN($C41)>0,COUNT(AB$1:AB40)+1,"") | AC41: =IF(LEN($D41)>0,COUNT(AC$1:AC40)+1,"") -> 39 | AD41: =IF(LEN($E41)>0,COUNT(AD$1:AD40)+1,"") | AE41: =IF(LEN($F41)>0,COUNT(AE$1:AE40)+1,"")
A42: =IF(B42="","",ROW()-2) -> 40 | B42: 플렉스 주식회사 | D42: O | G42: 중소기업 | H42: 460-81-01554 | I42: 장해남 | J42: 070-4949-1554 | K42: flex.team | L42: jihyun.song@flex.team | M42: 경기도 성남시 분당구 황새울로359번길 11 미래에셋플레이스 7, 8층 | N42: flex AI(HR 기반 AI 플랫폼, HR 특화 Agentic AI) | O42: 장해남 | P42: 없음 | Q42: 대표이사(CEO) | R42: 070-4949-1554 | S42: haenam@flex.team | T42: 010-9762-7574 | U42: 송지현 | V42: Corporate Communications | W42: Head of Corporate Communications | X42: 070-4949-1554 | Y42: jihyun.song@flex.team | Z42: 010-4170-9410 | AA42: 2지망 생태계 신청 | AB42: =IF(LEN($C42)>0,COUNT(AB$1:AB41)+1,"") | AC42: =IF(LEN($D42)>0,COUNT(AC$1:AC41)+1,"") -> 40 | AD42: =IF(LEN($E42)>0,COUNT(AD$1:AD41)+1,"") | AE42: =IF(LEN($F42)>0,COUNT(AE$1:AE41)+1,"")
A43: =IF(B43="","",ROW()-2) -> 41 | B43: 클루피 주식회사 | D43: O | G43: 중소기업 | H43: 614-87-00644 | I43: 김기환 | J43: 053-357-0307 | K43: https://clupea.co.kr | L43: kimgihwan@clupea.co.kr | M43: 대구광역시 북구 호암로51, 벤처오피스 215호 | N43: 임상시험데이터 최적화 (자동화) 솔루션 MediLake 플랫폼 | O43: 김기환 | P43: 경영 | Q43: 대표이사 | R43: 053-357-0307 | S43: kimgihwan@clupea.co.kr | T43: 010-3527-8909 | U43: 이민철 | V43: 경영기획 | W43: 이사 | X43: 053-357-0307 | Y43: mclee@clupea.co.kr | Z43: 010-2040-4696 | AA43: 2지망 생태계 신청 | AB43: =IF(LEN($C43)>0,COUNT(AB$1:AB42)+1,"") | AC43: =IF(LEN($D43)>0,COUNT(AC$1:AC42)+1,"") -> 41 | AD43: =IF(LEN($E43)>0,COUNT(AD$1:AD42)+1,"") | AE43: =IF(LEN($F43)>0,COUNT(AE$1:AE42)+1,"")
A44: =IF(B44="","",ROW()-2) -> 42 | B44: (주)와이즈넛 | D44: O | G44: 중소기업 | H44: 211-86-98485 | I44: 강용성 | J44: 02-3404-6100 | K44: www.wisenut.com | L44: alsgur316@gmail.com | M44: 경기도 성남시 분당구 대왕판교로 644번길 49, DTC타워 5,6층 | N44: AI 에이전트, LLM, RAG, AI 검색 등 | O44: 강용성 | P44: - | Q44: 대표이사 | R44: 02-3404-6170 | S44: scott@wisenut.co.kr | T44: 010-9164-3659 | U44: 김보령 | V44: 전략마케팅부 | W44: 과장/팀장 | X44: 02-3404-6147 | Y44: brkim@wisenut.co.kr | Z44: 010-6566-5426 | AA44: 2지망 생태계 신청 | AB44: =IF(LEN($C44)>0,COUNT(AB$1:AB43)+1,"") | AC44: =IF(LEN($D44)>0,COUNT(AC$1:AC43)+1,"") -> 42 | AD44: =IF(LEN($E44)>0,COUNT(AD$1:AD43)+1,"") | AE44: =IF(LEN($F44)>0,COUNT(AE$1:AE43)+1,"")
A45: =IF(B45="","",ROW()-2) -> 43 | B45: (주)랩큐 | D45: O | G45: 중소기업 | H45: 813-87-01366 | I45: 김한수 | J45: 010-2359-8053 | K45: www.labq.kr | L45: khs@labq.kr | M45: 서울 영등포구 양평로21길 26, 2301호 | N45: DeepQ AI 어시스턴트, | O45: 김한수 | P45: 대표 | Q45: 대표 | R45: 010-2359-8053 | S45: khs@labq.kr | T45: 010-2359-8053 | U45: 박정우 | V45: AI전략사업부 | W45: 팀장 | X45: 02-6259-8053 | Y45: friendship.park@labq.kr | Z45: 010-7293-8533 | AB45: =IF(LEN($C45)>0,COUNT(AB$1:AB44)+1,"") | AC45: =IF(LEN($D45)>0,COUNT(AC$1:AC44)+1,"") -> 43 | AD45: =IF(LEN($E45)>0,COUNT(AD$1:AD44)+1,"") | AE45: =IF(LEN($F45)>0,COUNT(AE$1:AE44)+1,"")
A46: =IF(B46="","",ROW()-2) -> 44 | B46: (주)팀플백 | D46: O | G46: 중소기업 | H46: 894-86-00807 | I46: 이진희 | J46: 010-4841-4524 | K46: www.jajakjajak.com | L46: teampl100@teampl100.com | M46: 경남 창원시 의창구 평산로 33, 신화더플렉스시티 701호,702호 | N46: 학습자를 위한 사고력 및 사회 정서 역량 강화 AI 솔루션 | O46: 이진희 | P46: 경영 총괄 | Q46: 대표이사 | R46: 010-4841-4524 | S46: teampl100@teampl100.com | T46: 070-7931-4524 | U46: 이진희 | V46: 경영기획 | W46: 대표이사 | X46: 070-7931-4524 | Y46: teampl100@teampl100.com | Z46: 010148414524 | AA46: 2지망 생태계 신청 | AB46: =IF(LEN($C46)>0,COUNT(AB$1:AB45)+1,"") | AC46: =IF(LEN($D46)>0,COUNT(AC$1:AC45)+1,"") -> 44 | AD46: =IF(LEN($E46)>0,COUNT(AD$1:AD45)+1,"") | AE46: =IF(LEN($F46)>0,COUNT(AE$1:AE45)+1,"")
A47: =IF(B47="","",ROW()-2) -> 45 | B47: 주식회사 에스엘즈 | D47: O | G47: 중소기업 | H47: 135-88-01642 | I47: 이유미, 정재헌 | J47: 031-5176-2435 | K47: slz.kr | L47: jh.jung@slz.kr | M47: 경기도 시흥시 서울대학로173, 교육협력동608호(배곧동, 서울대학교시흥캠퍼스) | N47: 건설엔지니어링 자동화(스마트라우팅AI, 에이전트 Probee) | O47: 정재헌 | P47: 본부 | Q47: CEO | R47: 010-5633-7756 | S47: jh.jung@slz.kr | T47: 010-5633-7756 | U47: 신민희 | V47: Exclusive Office | W47: 본부장 | X47: 010-6263-0402 | Y47: minhee.shin@slz.kr | Z47: 010-6263-0402 | AA47: 2지망 생태계 신청 | AB47: =IF(LEN($C47)>0,COUNT(AB$1:AB46)+1,"") | AC47: =IF(LEN($D47)>0,COUNT(AC$1:AC46)+1,"") -> 45 | AD47: =IF(LEN($E47)>0,COUNT(AD$1:AD46)+1,"") | AE47: =IF(LEN($F47)>0,COUNT(AE$1:AE46)+1,"")
A48: =IF(B48="","",ROW()-2) -> 46 | B48: 디지털로그 테크놀로지스 주식회사 | D48: O | G48: 중소기업 | H48: 759-86-02818 | I48: 손동규 | J48: 070-4106-4243 | K48: www.digitalog.ai | L48: alexson@digitalog.ai | M48: 서울특별시 강남구 역삼동 696-4, 세영빌딩 401호 | N48: AI 기반의 소셜미디어 운영 자동화 및 데이터 분석 솔루션 (콘마, Conma) | O48: 손동규 | P48: 대표실 | Q48: 대표 | R48: 010-8645-4243 | S48: alexson@digitalog.ai | T48: 010-8645-4243 | U48: 손동규 | V48: 대표실 | W48: 대표 | X48: 010-8645-4243 | Y48: alexson@digitalog.ai | Z48: 010-8645-4243 | AA48: 2지망 생태계 신청 | AB48: =IF(LEN($C48)>0,COUNT(AB$1:AB47)+1,"") | AC48: =IF(LEN($D48)>0,COUNT(AC$1:AC47)+1,"") -> 46 | AD48: =IF(LEN($E48)>0,COUNT(AD$1:AD47)+1,"") | AE48: =IF(LEN($F48)>0,COUNT(AE$1:AE47)+1,"")
A49: =IF(B49="","",ROW()-2) -> 47 | B49: (주)나스카랩 | D49: O | G49: 중소기업 | H49: 674-88-00677 | I49: 이원로 | J49: 1877-1171 | K49: http://www.nascalab.com | L49: nascalab@gmail.com | M49: 경기도 성남시 수정구 청계산로 686 판교반도아이비밸리 732ㅎ | N49: AICC솔루션(STT, 쳇봇, 콜봇) | O49: 이원로 | P49: 대표이사 | Q49: CEO | R49: 010-3940-4114 | S49: philip@nascalab.com | T49: 010-3940-4114 | U49: 이율 | V49: 연구소 | W49: 부장 | X49: 010-5500-4385 | Y49: yool.lee@nascalab.com | Z49: 010-3325-5897 | AA49: 2지망 생태계 신청 | AB49: =IF(LEN($C49)>0,COUNT(AB$1:AB48)+1,"") | AC49: =IF(LEN($D49)>0,COUNT(AC$1:AC48)+1,"") -> 47 | AD49: =IF(LEN($E49)>0,COUNT(AD$1:AD48)+1,"") | AE49: =IF(LEN($F49)>0,COUNT(AE$1:AE48)+1,"")
A50: =IF(B50="","",ROW()-2) -> 48 | B50: 주식회사 한국기업보안 | D50: O | G50: 중소기업 | H50: 211-88-20394 | I50: 전귀선 | J50: 02-518-0030 | K50: www.korsec.co.kr | L50: jgs@korsec.co.kr | M50: 서울시 서초구 강남대로99길 53 삼우빌딩 4층 | N50: 디지털서명, CLM | O50: 전귀선 | P50: 대표 | Q50: 대표 | R50: 010-7766-5902 | S50: jgs@korsec.co.kr | T50: 010-7766-5902 | U50: 전귀서 | V50: 대표 | W50: 대표 | X50: 02-518-0030 | Y50: jgs@korsec.co.kr | Z50: 010-7766-5902 | AA50: 2지망 생태계 신청 | AB50: =IF(LEN($C50)>0,COUNT(AB$1:AB49)+1,"") | AC50: =IF(LEN($D50)>0,COUNT(AC$1:AC49)+1,"") -> 48 | AD50: =IF(LEN($E50)>0,COUNT(AD$1:AD49)+1,"") | AE50: =IF(LEN($F50)>0,COUNT(AE$1:AE49)+1,"")
A51: =IF(B51="","",ROW()-2) -> 49 | B51: (주)유아이티 | D51: O | G51: 중소기업 | H51: 105-81-90922 | I51: 김성태 | J51: 02-2051-2316 | K51: www.uitsolutions.com | L51: paul.moon@uitsolutions.com | M51: 서울특별시 서초구 사임당로 171, 10층 | N51: 모델 예측 제어(MPC)기반의 지능형 자율생산 시스템 및 제어기술 & CFD 해석용 매쉬 워크플로우 자동화 에이전트 | O51: 문건혁 | P51: 기업부설연구소 | Q51: 연구소장 | R51: 010-9076-6982 | S51: paul.moon@uitsolutions.com | T51: 010-9076-6982 | U51: 오정현 | V51: 기업부설연구소 | W51: 프로 | X51: 02-2051-2318 | Y51: Owen.oh@uitsolutions.com | Z51: 010-9986-0545 | AB51: =IF(LEN($C51)>0,COUNT(AB$1:AB50)+1,"") | AC51: =IF(LEN($D51)>0,COUNT(AC$1:AC50)+1,"") -> 49 | AD51: =IF(LEN($E51)>0,COUNT(AD$1:AD50)+1,"") | AE51: =IF(LEN($F51)>0,COUNT(AE$1:AE50)+1,"")
A52: =IF(B52="","",ROW()-2) -> 50 | B52: 하나시스(주) | D52: O | G52: 중소기업 | H52: 138-81-37683 | I52: 이정용 | J52: 1800-1185 | K52: https://www.hanasis.com | L52: kgy@hanasis.com | M52: 경기도 수원시 권선구 산업로155번길 17 | N52: HanaSSOS | O52: 이정용 | P52: 총괄 | Q52: 대표이사 | R52: 070-4732-5251 | S52: jylee@hanasis.com | T52: 010-5284-5892 | U52: 강규영 | V52: 연구소 | W52: 이사 | X52: 010-3437-8554 | Y52: kgy@hanasis.com | Z52: 010-3437-8554 | AB52: =IF(LEN($C52)>0,COUNT(AB$1:AB51)+1,"") | AC52: =IF(LEN($D52)>0,COUNT(AC$1:AC51)+1,"") -> 50 | AD52: =IF(LEN($E52)>0,COUNT(AD$1:AD51)+1,"") | AE52: =IF(LEN($F52)>0,COUNT(AE$1:AE51)+1,"")
A53: =IF(B53="","",ROW()-2) -> 51 | B53: (주)필라테크 | D53: O | E53: O | G53: 중소기업 | H53: 211-87-13620 | I53: 박동현 | J53: 02-3654-3654 | K53: https://www.feelatech.com/ | L53: choisw3421@gmail.com | M53: (06099) 서울시 강남구 선릉로125길 10, 3~5층 (논현동 242-43 수창빌딩) | N53: HPE Private Cloud AI, AI 인프라 설계 및 구축 | O53: 최성원 | P53: 인프라사업본부 | Q53: 이사 / 본부장 | R53: 02-3654-3654 | S53: swchoi@feelatech.com | T53: 010-2500-3421 | U53: 신민철 | V53: 인프라사업본부/시스템사업팀 | W53: 부장/팀장 | X53: 02-3654-3654 | Y53: shinmc@feelatech.com | Z53: 010-2898-6521 | AB53: =IF(LEN($C53)>0,COUNT(AB$1:AB52)+1,"") | AC53: =IF(LEN($D53)>0,COUNT(AC$1:AC52)+1,"") -> 51 | AD53: =IF(LEN($E53)>0,COUNT(AD$1:AD52)+1,"") -> 3 | AE53: =IF(LEN($F53)>0,COUNT(AE$1:AE52)+1,"")
A54: =IF(B54="","",ROW()-2) -> 52 | B54: (주)스틸리언 | D54: O | G54: 중소기업 | H54: 217-81-45017 | I54: 박찬암 | J54: 02-2038-4792 | K54: http://www.stealien.com/ | L54: yycho@stealien.com | M54: 서울 용산구 원효로90길 11 더프라임타워 업무동 12층 | N54: 모바일 앱 보안 솔루션 보유(앱수트) | O54: 손주환 | P54: 연구소 | Q54: 연구소장 | R54: 02-2038-4792 | S54: jhson@stealien.com | T54: 010-2006-1673 | U54: 신현종 | V54: 연구과제팀 | W54: 책임연구 | X54: 02-2038-4792 | Y54: hjshin2@stealien.com | Z54: 010-9853-7712 | AB54: =IF(LEN($C54)>0,COUNT(AB$1:AB53)+1,"") | AC54: =IF(LEN($D54)>0,COUNT(AC$1:AC53)+1,"") -> 52 | AD54: =IF(LEN($E54)>0,COUNT(AD$1:AD53)+1,"") | AE54: =IF(LEN($F54)>0,COUNT(AE$1:AE53)+1,"")
A55: =IF(B55="","",ROW()-2) -> 53 | B55: 엘에스웨어(주) | D55: O | G55: 중소기업 | H55: 113-81-96801 | I55: 김민수 대표이사 | J55: 02-6919-0321 | K55: www.lsware.co.kr | L55: klaatu73@gmail.com | M55: 서울시 금천구 서부샛길 606 대성디폴리스A동18층 엘에스웨어 | N55: 보안솔루션/오픈소스컴플라이언스/블록체인/저작권보호 | O55: 신동명 | P55: 연구개발본부 | Q55: 전무/본부장 | R55: 02-6919-0321 | S55: roland@lsware.co.kr | T55: 010-2466-4983 | U55: 조용준 | V55: 연구개발본부 | W55: 이사/수석 | X55: 02-6919-0321 | Y55: eugene@lsware.co.kr | Z55: 010-9587-7283 | AB55: =IF(LEN($C55)>0,COUNT(AB$1:AB54)+1,"") | AC55: =IF(LEN($D55)>0,COUNT(AC$1:AC54)+1,"") -> 53 | AD55: =IF(LEN($E55)>0,COUNT(AD$1:AD54)+1,"") | AE55: =IF(LEN($F55)>0,COUNT(AE$1:AE54)+1,"")
A56: =IF(B56="","",ROW()-2) -> 54 | B56: (주)글로비트 | C56: O | D56: O | G56: 중소기업 | H56: 616-81-92018 | I56: 김형수 | J56: 064-727-9106 | K56: https://www.globit.co.kr/ | L56: ekstasis00@gmail.com | M56: 제주특별자치도 제주시 중앙로 175, 3층 | N56: AI 지능형 스마트양식 플랫폼 | O56: 김형수 | P56: CEO | Q56: 대표이사 | R56: 064-727-9106 | S56: hskim@gbit.kr | T56: 010-8713-9872 | U56: 지동우 | V56: 혁신본부 | W56: 이사/본부장 | X56: 064-727-9106 | Y56: dwjee@gbit.kr | Z56: 010-2981-6386 | AA56: 2지망 생태계 신청 | AB56: =IF(LEN($C56)>0,COUNT(AB$1:AB55)+1,"") -> 2 | AC56: =IF(LEN($D56)>0,COUNT(AC$1:AC55)+1,"") -> 54 | AD56: =IF(LEN($E56)>0,COUNT(AD$1:AD55)+1,"") | AE56: =IF(LEN($F56)>0,COUNT(AE$1:AE55)+1,"")
A57: =IF(B57="","",ROW()-2) -> 55 | B57: (주)디윅스 | D57: O | G57: 중소기업 | H57: 815-87-02319 | I57: 안준형 | J57: 02-6265-6900 | K57: https://www.dweax.co.kr/ | L57: dweaxspx@gmail.com | M57: 서울시 강남구 선릉로94길 12 세웅타워 7층 | N57: 온톨로지 기반 기업형 Agentic AI, 제품[WEA Flow v2.0] | O57: 안준형 | P57: 대표 | Q57: 대표 | R57: 02-6265-6900 | S57: ahnjunhyung@dweax.com | T57: 010-9075-6900 | U57: 신재홍 | V57: SPX본부 | W57: 이사 | X57: 02-6265-6900 | Y57: tilip@dweax.com | Z57: 010-8437-9937 | AA57: 2지망 생태계 신청 | AB57: =IF(LEN($C57)>0,COUNT(AB$1:AB56)+1,"") | AC57: =IF(LEN($D57)>0,COUNT(AC$1:AC56)+1,"") -> 55 | AD57: =IF(LEN($E57)>0,COUNT(AD$1:AD56)+1,"") | AE57: =IF(LEN($F57)>0,COUNT(AE$1:AE56)+1,"")
A58: =IF(B58="","",ROW()-2) -> 56 | B58: (주)제이앤피메디 | D58: O | G58: 중소기업 | H58: 258-86-01830 | I58: 정권호 | J58: 1668-0774 | K58: www.jnpmedi.com | L58: jh.park@jnpmedi.com | M58: 인천시 연수구 컨벤시아대로 165, 포스코타워 31층 | N58: Maven Clinical Cloud | O58: 이재현 | P58: CEO Office | Q58: Chief of Staff | R58: 010-4641-5928 | S58: jh.lee@jnpmedi.com | T58: 010-4641-5928 | U58: 박종현 | V58: CEO Office | W58: CEO Staff | X58: 010-4586-2460 | Y58: jh.park@jnpmedi.com | Z58: 010-4586-2460 | AB58: =IF(LEN($C58)>0,COUNT(AB$1:AB57)+1,"") | AC58: =IF(LEN($D58)>0,COUNT(AC$1:AC57)+1,"") -> 56 | AD58: =IF(LEN($E58)>0,COUNT(AD$1:AD57)+1,"") | AE58: =IF(LEN($F58)>0,COUNT(AE$1:AE57)+1,"")
A59: =IF(B59="","",ROW()-2) -> 57 | B59: 아이디비(주) | D59: O | G59: 중소기업 | H59: 521-88-01858 | I59: 민보경 | J59: 070-4388-7030 | K59: https://idb.ai | L59: bkmin77@gmail.com | M59: 서울시 강남구 테헤란로 33길 35 펠릭스 빌딩 2층 | N59: Protect Go AI (AIOps, 설비 예지보전, 공정분석, 운영 최적화, 안전 위험 탐지) | O59: 민보경 | P59: AI팀 | Q59: 대표 | R59: 070-4388-7030 | S59: bkmin@idb.ai | T59: 010-7255-7030 | U59: 민보경 | V59: AI팀 | W59: 대표 | X59: 070-4388-7030 | Y59: bkmin@idb.ai | Z59: 010-7255-7030 | AB59: =IF(LEN($C59)>0,COUNT(AB$1:AB58)+1,"") | AC59: =IF(LEN($D59)>0,COUNT(AC$1:AC58)+1,"") -> 57 | AD59: =IF(LEN($E59)>0,COUNT(AD$1:AD58)+1,"") | AE59: =IF(LEN($F59)>0,COUNT(AE$1:AE58)+1,"")
A60: =IF(B60="","",ROW()-2) -> 58 | B60: (주)메사쿠어컴퍼니 | D60: O | G60: 중소기업 | H60: 179-88-01680 | I60: 이지훈 | J60: 02-6743-0011 | K60: www.metsakuur.com | L60: dhkang@metsakuur.com | M60: 서울시 강남구 언주로136길 15-3 | N60: Vision AI 기반 안면인식, 사물인식 솔루션(UFACE) | O60: 윤호식 | P60: 연구소 | Q60: 부사장 | R60: 010-5698-4381 | S60: hsyoon@metsakuur.com | T60: 010-5698-4381 | U60: 지승훈 | V60: 기술위원회 | W60: 부사장 | X60: 010-7655-1340 | Y60: shjee@metsakuur.com | Z60: 010-7655-1340 | AB60: =IF(LEN($C60)>0,COUNT(AB$1:AB59)+1,"") | AC60: =IF(LEN($D60)>0,COUNT(AC$1:AC59)+1,"") -> 58 | AD60: =IF(LEN($E60)>0,COUNT(AD$1:AD59)+1,"") | AE60: =IF(LEN($F60)>0,COUNT(AE$1:AE59)+1,"")
A61: =IF(B61="","",ROW()-2) -> 59 | B61: (주)라온로드 | D61: O | G61: 중소기업 | H61: 288-81-02683 | I61: 이석중 | J61: 02-507-8207 | K61: https://www.laonroad.com/ | L61: laonload0903@gmail.com | M61: 경기도 과천시 과천대로7나길 60, C동 5층 505호(갈현동, 과천어반허브) | N61: AI영상분석, AI 교통관제시스템, 온디바이스 AI 솔루션 등 | O61: 강병기 | P61: 라온로드 | Q61: COO/부사장 | R61: 010-8998-4507 | S61: bk.kang@laonroad.com | T61: 010-8998-4507 | U61: 함재식 | V61: AI사업팀 | W61: 매니저 | X61: 010-3066-4604 | Y61: jsham@laonroad.com | Z61: 010-3066-4604 | AB61: =IF(LEN($C61)>0,COUNT(AB$1:AB60)+1,"") | AC61: =IF(LEN($D61)>0,COUNT(AC$1:AC60)+1,"") -> 59 | AD61: =IF(LEN($E61)>0,COUNT(AD$1:AD60)+1,"") | AE61: =IF(LEN($F61)>0,COUNT(AE$1:AE60)+1,"")
A62: =IF(B62="","",ROW()-2) -> 60 | B62: 퍼스널에이아이 주식회사 | D62: O | G62: 중소기업 | H62: 889-87-01698 | I62: 이재영 | J62: 02-2038-2511 | K62: www.personalai.so | L62: chungampark@personalai.so | M62: 서울특별시 송파구 중대로 135, 서관 10층 1003호 (IT벤처타워) | N62: 마이디 : 온디바이스 연합학습 기반으로 데이터 유출 없이 초개인화 인공지능 서비스를 구현하는 통합 마이데이터 플랫폼 | O62: 이재영 | P62: CEO | Q62: 대표이사 | R62: 010-2158-2235 | S62: michael.lee@personalai.so | T62: 010-6856-2235 | U62: 오정암 | V62: 경영기획실 | W62: 이사 | X62: 010-2158-2235 | Y62: david@personalai.so | Z62: 010-8905-5499 | AA62: 2지망 생태계 신청 | AB62: =IF(LEN($C62)>0,COUNT(AB$1:AB61)+1,"") | AC62: =IF(LEN($D62)>0,COUNT(AC$1:AC61)+1,"") -> 60 | AD62: =IF(LEN($E62)>0,COUNT(AD$1:AD61)+1,"") | AE62: =IF(LEN($F62)>0,COUNT(AE$1:AE61)+1,"")
A63: =IF(B63="","",ROW()-2) -> 61 | B63: (주)에이알테크놀로지 | D63: O | G63: 중소기업 | H63: 314-81-32827 | I63: 박광량 | J63: 042-863-6030 | K63: www.i-art.co.kr | L63: hnyear65@gmail.com | M63: 대전시 서구 한밭대로 745, 12층 에이알테크놀로지 | N63: 응용소프트웨어 개발 | O63: 이수열 | P63: 기업부설연구소 | Q63: 연구소장 | R63: 042-863-6030 | S63: joseph@i-art.co.kr | T63: 010-4417-4155 | U63: 유지호 | V63: 개발 | W63: 차장 | X63: 042-863-6030 | Y63: yjh8903@i-art.co.kr | Z63: 010-3435-8903 | AB63: =IF(LEN($C63)>0,COUNT(AB$1:AB62)+1,"") | AC63: =IF(LEN($D63)>0,COUNT(AC$1:AC62)+1,"") -> 61 | AD63: =IF(LEN($E63)>0,COUNT(AD$1:AD62)+1,"") | AE63: =IF(LEN($F63)>0,COUNT(AE$1:AE62)+1,"")
A64: =IF(B64="","",ROW()-2) -> 62 | B64: (주)인텔리빅스 | D64: O | G64: 중소기업 | H64: 114-81-99927 | I64: 장정훈,최은수 | J64: 02-581-3883 | K64: www.intellivix.ai | L64: hyunji5340@gmail.com | M64: 서울시 서초구 효령로 34길4, 6층 | N64: Vision AI 영상분석 SW솔루션, 생성형AI기반 영상관제 플랫폼, GenAMS, VIXallcam, VIXONE 등 | O64: 최은수 | P64: - | Q64: CEO | R64: 02-581-3883 | S64: ceo@intellivix.ai | T64: 010-5273-0209 | U64: 최준호 | V64: AI연구소 | W64: 연구소장 | X64: 02-581-3883 | Y64: jhchoi@intellivix.ai | Z64: 010-4763-9808 | AA64: 2지망 생태계 신청 | AB64: =IF(LEN($C64)>0,COUNT(AB$1:AB63)+1,"") | AC64: =IF(LEN($D64)>0,COUNT(AC$1:AC63)+1,"") -> 62 | AD64: =IF(LEN($E64)>0,COUNT(AD$1:AD63)+1,"") | AE64: =IF(LEN($F64)>0,COUNT(AE$1:AE63)+1,"")
A65: =IF(B65="","",ROW()-2) -> 63 | B65: 메타빌드(주) | D65: O | G65: 중소기업 | H65: 214-86-27387 | I65: 조풍연 | J65: 02-598-3327 | K65: https://www.metabuild.co.kr | L65: kangtak.oh@gmail.com | M65: 서울특별시 서초구 서초중앙로 62 메타빌드 빌딩 | N65: AX플랫폼, AI연계미들웨어, 디지턹트윈/휴먼 | O65: 오강탁 | P65: 사업전략/제안본부 | Q65: 전무/총괄 본부장 | R65: 010-2742-5050 | S65: okt@metabuild.co.kr | T65: 010-2742-5050 | U65: 이지선 | V65: 사업전략/제안본부 | W65: 매니저/팀장 | X65: 010-5155-8299 | Y65: jisun7lee@metabuild.co.kr | Z65: 010-5155-8299 | AA65: 2지망 생태계 신청 | AB65: =IF(LEN($C65)>0,COUNT(AB$1:AB64)+1,"") | AC65: =IF(LEN($D65)>0,COUNT(AC$1:AC64)+1,"") -> 63 | AD65: =IF(LEN($E65)>0,COUNT(AD$1:AD64)+1,"") | AE65: =IF(LEN($F65)>0,COUNT(AE$1:AE64)+1,"")
A66: =IF(B66="","",ROW()-2) -> 64 | B66: (주)비인텍 | D66: O | G66: 중소기업 | H66: 211-87-29587 | I66: 장성학 | J66: 02-2109-6450 | K66: https://www.beintech.co.kr/ | L66: dudal3144@gmail.com | M66: 서울 구로구 디지털로 273 에이스트윈타원 2차 1301호 | N66: 법제 업무 도메인, 솔루션 바로룰 | O66: 송일형 | P66: 경영지원부 | Q66: 전무 | R66: 010-5273-1469 | S66: ihsong@beintech.co.kr | T66: 010-5273-1469 | U66: 김영미 | V66: 사업개발팀 | W66: 부장 | X66: 010-9316-3144 | Y66: ymkim@beintech.co.kr | Z66: 010-9316-3144 | AB66: =IF(LEN($C66)>0,COUNT(AB$1:AB65)+1,"") | AC66: =IF(LEN($D66)>0,COUNT(AC$1:AC65)+1,"") -> 64 | AD66: =IF(LEN($E66)>0,COUNT(AD$1:AD65)+1,"") | AE66: =IF(LEN($F66)>0,COUNT(AE$1:AE65)+1,"")
A67: =IF(B67="","",ROW()-2) -> 65 | B67: (주)데이콘인피니티 | D67: O | G67: 중소기업 | H67: 803-81-01557 | I67: 이장호 | J67: 02-780-1813 | K67: www.dacon.kr | L67: daconinfinity@gmail.com | M67: 서울특별시 영등포구 문래북로 116, 703,704호 | N67: 데이터 생명주기 기반 AI·데이터 플랫폼(Dflex,Mflex,Aflex)과 데이터 통합·거버넌스·AI분석·예측·추천 기술을 기반으로 빅데이터·AI 플랫폼 구축 서비스를 제공 | O67: 조현오 | P67: 솔루션본부 | Q67: 이사 | R67: 02-780-1813 | S67: mis@dacon.kr | T67: 010-5521-5941 | U67: 이삼희 | V67: 솔루션본부 | W67: 선임 | X67: 02-780-1813 | Y67: sh.lee@dacon.kr | Z67: 010-8353-1932 | AB67: =IF(LEN($C67)>0,COUNT(AB$1:AB66)+1,"") | AC67: =IF(LEN($D67)>0,COUNT(AC$1:AC66)+1,"") -> 65 | AD67: =IF(LEN($E67)>0,COUNT(AD$1:AD66)+1,"") | AE67: =IF(LEN($F67)>0,COUNT(AE$1:AE66)+1,"")
A68: =IF(B68="","",ROW()-2) -> 66 | B68: 주식회사 매쓰에이아이 | D68: O | G68: 중소기업 | H68: 789-86-01654 | I68: 허준 | J68: 070-7772-4643 | K68: https://mathaix.com/ | L68: sebbang@maiclass.com | M68: 경기도 성남시 수정구 달래내로 46, A동 404호 | N68: 산업현장 다국어 번역 서비스, 청소년 대상 생성형AI | O68: 허준 | P68: 경영관리팀 | Q68: 대표이사 | R68: 070-7772-4643 | S68: heojoon@maiclass.com | T68: 010-3543-4643 | U68: 박세영 | V68: 운영지원팀 | W68: 팀장 | X68: 070-7772-4643 | Y68: sebbang@maiclass.com | Z68: 010-8810-9348 | AB68: =IF(LEN($C68)>0,COUNT(AB$1:AB67)+1,"") | AC68: =IF(LEN($D68)>0,COUNT(AC$1:AC67)+1,"") -> 66 | AD68: =IF(LEN($E68)>0,COUNT(AD$1:AD67)+1,"") | AE68: =IF(LEN($F68)>0,COUNT(AE$1:AE67)+1,"")
A69: =IF(B69="","",ROW()-2) -> 67 | B69: 주식회사 로이드케이 | D69: O | G69: 중소기업 | H69: 120-87-67951 | I69: 김대훈 | J69: 031-8039-5171 | K69: https://lloydk.co.kr | L69: yooksy8@gmail.com | M69: 경기도 성남시 수정구 위례서일로 6 우대빌딩 4층 | N69: DO Solution | O69: 김대훈 | P69: CEO | Q69: CEO | R69: 010-8978-1954 | S69: david@lloydk.co.kr | T69: 010-8978-1954 | U69: 황광태 | V69: 커뮤니케이션팀 | W69: PM | X69: 010-7623-2507 | Y69: simon.hwang@lloydk.co.kr | Z69: 010-7623-2507 | AA69: 2지망 생태계 신청 | AB69: =IF(LEN($C69)>0,COUNT(AB$1:AB68)+1,"") | AC69: =IF(LEN($D69)>0,COUNT(AC$1:AC68)+1,"") -> 67 | AD69: =IF(LEN($E69)>0,COUNT(AD$1:AD68)+1,"") | AE69: =IF(LEN($F69)>0,COUNT(AE$1:AE68)+1,"")
A70: =IF(B70="","",ROW()-2) -> 68 | B70: ㈜다비오 | D70: O | G70: 중소기업 | H70: 105-87-68437 | I70: 박주흠 | J70: 02-6376-0101 | K70: https://dabeeo.com/ | L70: joohyeon.kim@dabeeo.com | M70: 서울시 마포구 마포대로 144, 8층 (공덕동, 마포T타운) | N70: Dabeeo Eartheye(다비오 어스아이) | O70: 박인준 | P70: 사업전략그룹 | Q70: 이사/사업전략그룹장 | R70: 02-6376-0101 | S70: injun.park@dabeeo.com | T70: 010-5185-3980 | U70: 김주현 | V70: 사업기획팀 | W70: 책임 | X70: 02-6376-0101 | Y70: team_biz-plan@dabeeo.com | Z70: 010-9974-6385 | AB70: =IF(LEN($C70)>0,COUNT(AB$1:AB69)+1,"") | AC70: =IF(LEN($D70)>0,COUNT(AC$1:AC69)+1,"") -> 68 | AD70: =IF(LEN($E70)>0,COUNT(AD$1:AD69)+1,"") | AE70: =IF(LEN($F70)>0,COUNT(AE$1:AE69)+1,"")
A71: =IF(B71="","",ROW()-2) -> 69 | B71: 주식회사 라피치 | D71: O | G71: 중소기업 | H71: 220-87-18861 | I71: 김경회 | J71: 02-3420-9114 | K71: www.rapeech.com | L71: uin.choi@rapeech.com | M71: 서울특별시 강남구 도곡로8길 6 지호빌딩 3층 | N71: Conversatioanl AI Service | O71: 김경회 | P71: CEO | Q71: 대효이사 | R71: 02-3420-9114 | S71: kyunghoi.kim@rapeech.com | T71: 010-5540-2408 | U71: 최우인 | V71: 경영관리실 | W71: 과장 | X71: 02-3420-9114 | Y71: uin.choi@rapeech.com | Z71: 010-9915-0294 | AB71: =IF(LEN($C71)>0,COUNT(AB$1:AB70)+1,"") | AC71: =IF(LEN($D71)>0,COUNT(AC$1:AC70)+1,"") -> 69 | AD71: =IF(LEN($E71)>0,COUNT(AD$1:AD70)+1,"") | AE71: =IF(LEN($F71)>0,COUNT(AE$1:AE70)+1,"")
A72: =IF(B72="","",ROW()-2) -> 70 | B72: 주식회사 씨앤에이아이 | D72: O | G72: 중소기업 | H72: 231-81-10834 | I72: 장광호 | J72: 02-2088-1216 | K72: https://www.cnai.ai/ | L72: iy9290@gmail.com | M72: 서울 강서구 마곡중앙14로 38 4층 | N72: AI Human (솔루션_ Pola) | O72: 장광호 | P72: 대표 | Q72: 대표 | R72: 02-2088-1216 | S72: pathfinder@cnai.ai | T72: 010-9763-0306 | U72: 이창희 | V72: 전략팀 | W72: 팀장 | X72: 02-2088-1216 | Y72: t | Z72: 010-3057-7541 | AA72: 2지망 생태계 신청 | AB72: =IF(LEN($C72)>0,COUNT(AB$1:AB71)+1,"") | AC72: =IF(LEN($D72)>0,COUNT(AC$1:AC71)+1,"") -> 70 | AD72: =IF(LEN($E72)>0,COUNT(AD$1:AD71)+1,"") | AE72: =IF(LEN($F72)>0,COUNT(AE$1:AE71)+1,"")
A73: =IF(B73="","",ROW()-2) -> 71 | B73: (주)워트인텔리전스 | D73: O | G73: 중소기업 | H73: 675-86-00133 | I73: 윤정호 | J73: 02-521-0110 | K73: https://www.wertcorp.com/kr/main | L73: jhkang@wert.co.kr | M73: 서울시 강남구 강남대로 464 6층 | N73: AI 전문 분야: 기술문서 분석 및 인사이트 창출에 특화된 빅데이터분석, AX 종합컨설팅 / 보유서비스: 대화형 LLM 솔루션 keywert insight 및 자체 언어 모델 Pluto LM | O73: 류제택 | P73: AX전략팀 | Q73: 팀장 | R73: 010-9757-1410 | S73: jtryu@wert.co.kr | T73: 010-9757-1410 | U73: 강지훈 | V73: AX전략팀 | W73: 수석컨설턴트 | X73: 010-5053-0474 | Y73: jhkang@wert.co.kr | Z73: 010-5053-0474 | AB73: =IF(LEN($C73)>0,COUNT(AB$1:AB72)+1,"") | AC73: =IF(LEN($D73)>0,COUNT(AC$1:AC72)+1,"") -> 71 | AD73: =IF(LEN($E73)>0,COUNT(AD$1:AD72)+1,"") | AE73: =IF(LEN($F73)>0,COUNT(AE$1:AE72)+1,"")
A74: =IF(B74="","",ROW()-2) -> 72 | B74: 디포커스(주) | D74: O | G74: 중소기업 | H74: 109-81-70175 | I74: 선은두 | J74: 010-8540-0841 | K74: www.dfocus.net | L74: edsun67@gmail.com | M74: 서울특별시 구로구 디지털로 34길 55, 405호 | N74: 챗봇(DfocusGPT), 플랫폼(SeedAI) | O74: 선은두 | P74: 경영 | Q74: 대표이사 | R74: 010-8540-0841 | S74: sun@dfocus.net | T74: 010-8540-0841 | U74: 이정호 | V74: AI | W74: 상무 | X74: 010-5508-2822 | Y74: jhlee@dfocus.net | Z74: 010-5508-2822 | AB74: =IF(LEN($C74)>0,COUNT(AB$1:AB73)+1,"") | AC74: =IF(LEN($D74)>0,COUNT(AC$1:AC73)+1,"") -> 72 | AD74: =IF(LEN($E74)>0,COUNT(AD$1:AD73)+1,"") | AE74: =IF(LEN($F74)>0,COUNT(AE$1:AE73)+1,"")
A75: =IF(B75="","",ROW()-2) -> 73 | B75: 주식회사 타임리 | D75: O | G75: 중소기업 | H75: 229-88-01044 | I75: 김대환 | J75: 053-325-4958 | K75: www.timelygpt.co.kr | L75: jueunji116@gmail.com | M75: 대구광역시 수성구 알파시티1로 160, 315호 | N75: Agentic AI 및 AI Assistant 플랫폼 | O75: 김대환 | P75: 경영지원 | Q75: 대표이사 | R75: 053-325-4958 | S75: dhkim@timely.kr | T75: 010-7999-4807 | U75: 주은지 | V75: 경영지원 | W75: 대리 | X75: 053-325-4958 | Y75: jkkim@timely.kr | Z75: 010-6666-3691 | AA75: 2지망 생태계 신청 | AB75: =IF(LEN($C75)>0,COUNT(AB$1:AB74)+1,"") | AC75: =IF(LEN($D75)>0,COUNT(AC$1:AC74)+1,"") -> 73 | AD75: =IF(LEN($E75)>0,COUNT(AD$1:AD74)+1,"") | AE75: =IF(LEN($F75)>0,COUNT(AE$1:AE74)+1,"")
A76: =IF(B76="","",ROW()-2) -> 74 | B76: 주식회사 알프레드 | D76: O | G76: 중소기업 | H76: 807-81-00564 | I76: 옥형석 | J76: 010-8708-8394 | K76: https://www.heum.ai/ko/home | L76: ilgu.gim@heumlabs.io | M76: 서울 강남구 테헤란로86길 13 지하2층, 2~4층 | N76: 사업자를 위한 금융 에이전트 - Heum은 초격차 기술을 기반으로 사업자를 위한 경리/급여/세무 에이전트를 개발합니다. | O76: 옥형석 | P76: 총괄 | Q76: 대표 | R76: 010-8708-8394 | S76: hs.ohk@heumlabs.io | T76: 010-8708-8394 | U76: 김태호 | V76: 전략제휴팀 | W76: 매니저 | X76: 010-7149-2684 | Y76: taeho.kim@heumlabs.io | Z76: 010-7149-2684 | AB76: =IF(LEN($C76)>0,COUNT(AB$1:AB75)+1,"") | AC76: =IF(LEN($D76)>0,COUNT(AC$1:AC75)+1,"") -> 74 | AD76: =IF(LEN($E76)>0,COUNT(AD$1:AD75)+1,"") | AE76: =IF(LEN($F76)>0,COUNT(AE$1:AE75)+1,"")
A77: =IF(B77="","",ROW()-2) -> 75 | B77: 주식회사 모티버 | D77: O | G77: 중소기업 | H77: 828-81-01240 | I77: 황성원 | J77: 010-5504-2406 | K77: www.motivr.co.kr | L77: motivr@motivr.co.kr | M77: 대구 수성구 알파시티1로35길 17 2층 | N77: 3D 디지털트윈시스템 , 실감형 사격시뮬레이션 , 맞춤형 AI Agent 학습 | O77: 황성원 | P77: 총괄 | Q77: 대표 | R77: 010-5504-2406 | S77: motivr@motivr.co.kr | T77: 010-5504-2406 | U77: 권혁규 | V77: 개발 | W77: 책임연구원 | X77: 010-5504-2406 | Y77: motivr@motivr.co.kr | Z77: 010-4002-7519 | AB77: =IF(LEN($C77)>0,COUNT(AB$1:AB76)+1,"") | AC77: =IF(LEN($D77)>0,COUNT(AC$1:AC76)+1,"") -> 75 | AD77: =IF(LEN($E77)>0,COUNT(AD$1:AD76)+1,"") | AE77: =IF(LEN($F77)>0,COUNT(AE$1:AE76)+1,"")
A78: =IF(B78="","",ROW()-2) -> 76 | B78: 크리니티 주식회사 | D78: O | G78: 중소기업 | H78: 229-81-34605 | I78: 유병선 | J78: 070-7018-0030 | K78: https://www.crinity.com/ | L78: lhj20561@gmail.com | M78: 서울시 금천구 벚꽃로 244 807~810호, 901호(가산동, 벽산디지털밸리5차) | N78: 써팀(AI기반 소통 협업툴), G-CLD(공공 SaaS 웹메일) | O78: 최훈 | P78: DT유니트 | Q78: 이사/유니트장 | R78: 070-7018-9267 | S78: ch197cm@crinity.com | T78: 010-9052-7905 | U78: 이희준 | V78: 기획마케팅팀 | W78: 과장/팀원 | X78: 070-7018-9296 | Y78: lhj@crinity.com | Z78: 010-2507-6734 | AA78: 2지망 생태계 신청 | AB78: =IF(LEN($C78)>0,COUNT(AB$1:AB77)+1,"") | AC78: =IF(LEN($D78)>0,COUNT(AC$1:AC77)+1,"") -> 76 | AD78: =IF(LEN($E78)>0,COUNT(AD$1:AD77)+1,"") | AE78: =IF(LEN($F78)>0,COUNT(AE$1:AE77)+1,"")
A79: =IF(B79="","",ROW()-2) -> 77 | B79: 코데이터솔루션 주식회사 | D79: O | G79: 중소기업 | H79: 575-86-02791 | I79: 문경록 | J79: 02-780-9871 | K79: www.kodatasolution.co.kr | L79: cihbox21@gmail.com | M79: 서울특별시 영등포구 의사당대로 21, 3층(여의도동, 한국평가데이터 빌딩) | N79: AI · 빅데이터 플랫폼 구축 등 | O79: 안영재 | P79: 데이터플랫폼본부 | Q79: 본부장 | R79: 02-780-9870 | S79: yjan@kodatasolution.co.kr | T79: 010-2010-0058 | U79: 차일환 | V79: 데이터플랫폼본부 AI테크팀 | W79: 팀장 | X79: 02-780-9830 | Y79: ihcha@kodatasolution.co.kr | Z79: 010-2028-6145 | AA79: 2지망 생태계 신청 | AB79: =IF(LEN($C79)>0,COUNT(AB$1:AB78)+1,"") | AC79: =IF(LEN($D79)>0,COUNT(AC$1:AC78)+1,"") -> 77 | AD79: =IF(LEN($E79)>0,COUNT(AD$1:AD78)+1,"") | AE79: =IF(LEN($F79)>0,COUNT(AE$1:AE78)+1,"")
A80: =IF(B80="","",ROW()-2) -> 78 | B80: (주)비큐에이아이 | D80: O | G80: 중소기업 | H80: 221-81-13339 | I80: 임경환 | J80: 02-3487-0215 | K80: https://becuai.com/ | L80: kangseok0126@gmail.com | M80: 서울특별시 중구 퇴계로 385 준타워 5,6,9층 | N80: AI기반 멀티모달 데이터 유통, 가공 및 서비스 / 뉴스 기반 추론 모델 RDP-N1 | O80: 김규태 | P80: AI사업전략실 | Q80: CDO/이사 | R80: 070-7091-8044 | S80: tony@becuai.com | T80: 010-9268-9311 | U80: 김강석 | V80: AI사업전략실 | W80: 팀장 | X80: 070-4469-7556 | Y80: kskim@becuai.com | Z80: 010-5532-7196 | AA80: 2지망 생태계 신청 | AB80: =IF(LEN($C80)>0,COUNT(AB$1:AB79)+1,"") | AC80: =IF(LEN($D80)>0,COUNT(AC$1:AC79)+1,"") -> 78 | AD80: =IF(LEN($E80)>0,COUNT(AD$1:AD79)+1,"") | AE80: =IF(LEN($F80)>0,COUNT(AE$1:AE79)+1,"")
A81: =IF(B81="","",ROW()-2) -> 79 | B81: (주)퍼즐시스템즈 | D81: O | G81: 중소기업 | H81: 410-88-00976 | I81: 김영일 | J81: 02-2135-1338 | K81: www.puzzlesystems.co.kr | L81: heinem10@gmail.com | M81: 07207 서울특별시 영등포구 양평로21길 26, 2406호 2407호 | N81: SaaS Multi-Agent 자동화 | O81: 정준수 | P81: 기업부설연구소 | Q81: 연구소장 | R81: 02-2135-1338 | S81: jsjeong@puzzlesystems.co.kr | T81: 010-5359-3644 | U81: 정준수 | V81: 기업부설연구소 | W81: 연구소장 | X81: 02-2135-1338 | Y81: jsjeong@puzzlesystems.co.kr | Z81: 010-5359-3644 | AA81: 2지망 생태계 신청 | AB81: =IF(LEN($C81)>0,COUNT(AB$1:AB80)+1,"") | AC81: =IF(LEN($D81)>0,COUNT(AC$1:AC80)+1,"") -> 79 | AD81: =IF(LEN($E81)>0,COUNT(AD$1:AD80)+1,"") | AE81: =IF(LEN($F81)>0,COUNT(AE$1:AE80)+1,"")
A82: =IF(B82="","",ROW()-2) -> 80 | B82: (주)유라클 | D82: O | G82: 중소기업 | H82: 220-86-04415 | I82: 조준희, 권태일 | J82: 02-3479-4400 | K82: https://uracle.co.kr/ | L82: jamsiluknow@gmail.com | M82: 서울특별시 서초구 방배로 231 | N82: AI플랫폼, AI인프라관리 솔루션, 코드어시스턴트 등 보유 | O82: 유웅진 | P82: 기획관리부문 | Q82: 전무 | R82: 02-3479-4432 | S82: ungjin.yu@uracle.co.kr | T82: 010-2015-0109 | U82: 윤서준 | V82: 컨설팅팀 | W82: 과장 | X82: 010-6545-1261 | Y82: wsyt@uracle.co.kr | Z82: 010-6545-1261 | AA82: 2지망 생태계 신청 | AB82: =IF(LEN($C82)>0,COUNT(AB$1:AB81)+1,"") | AC82: =IF(LEN($D82)>0,COUNT(AC$1:AC81)+1,"") -> 80 | AD82: =IF(LEN($E82)>0,COUNT(AD$1:AD81)+1,"") | AE82: =IF(LEN($F82)>0,COUNT(AE$1:AE81)+1,"")
A83: =IF(B83="","",ROW()-2) -> 81 | B83: 주식회사 아이들 | D83: O | E83: O | G83: 중소기업 | H83: 820-81-02056 | I83: 허명구 | J83: 1551-1911 | K83: yoaida.com | L83: supernine09@gmail.com | M83: 강원특별자치도 춘천시 강원대학길 1, 보듬관 604호 | N83: 멀티 LLM, 다양한 AI 에이전트 (문서, 멀티모달 포함), RAG 기반 에이전트 등. AI에이전트 서비스 '요기 AI 다 있다' 요아이다 Saas형 솔루션 | O83: 허명구 | P83: 대표 | Q83: 대표 | R83: 1551-1911 | S83: supernine@idl.land | T83: 010-4409-7909 | U83: 용환준 | V83: 기획팀 | W83: 팀장 | X83: 1551-1911 | Y83: yongpd@idl.land | Z83: 010-4444-5451 | AB83: =IF(LEN($C83)>0,COUNT(AB$1:AB82)+1,"") | AC83: =IF(LEN($D83)>0,COUNT(AC$1:AC82)+1,"") -> 81 | AD83: =IF(LEN($E83)>0,COUNT(AD$1:AD82)+1,"") -> 4 | AE83: =IF(LEN($F83)>0,COUNT(AE$1:AE82)+1,"")
A84: =IF(B84="","",ROW()-2) -> 82 | B84: 데이콘랩(주) | D84: O | G84: 중소기업 | H84: 726-81-03414 | I84: 이상옥 | J84: 070-4350-2236 | K84: 없음 | L84: joseonjooya@gmail.com | M84: 대전광역시 유성구 궁동로18번길 47, 3층 301-Q03호(궁동) | N84: AIDE 기반 도메인 특화 LLM·문서지능·RAG 생성형 AI 기술을 활용한 비정형 문서 이해 및 연구·공공 데이터 AI 플랫폼 개발 | O84: 이상옥 | P84: 데이터본부 | Q84: 대표이사 | R84: 070-4350-2236 | S84: soklee@dacon.ai | T84: 070-4350-2236 | U84: 조선주 | V84: 경영기획팀 | W84: 책임 | X84: 070-4350-2236 | Y84: csj24@dacon.ai | Z84: 010-2350-0221 | AA84: 2지망 생태계 신청 | AB84: =IF(LEN($C84)>0,COUNT(AB$1:AB83)+1,"") | AC84: =IF(LEN($D84)>0,COUNT(AC$1:AC83)+1,"") -> 82 | AD84: =IF(LEN($E84)>0,COUNT(AD$1:AD83)+1,"") | AE84: =IF(LEN($F84)>0,COUNT(AE$1:AE83)+1,"")
A85: =IF(B85="","",ROW()-2) -> 83 | B85: (주)드림시큐리티 | D85: O | G85: 중소기업 | H85: 107-88-22434 | I85: 오석주 | J85: 02-2233-5533 | K85: www.dreamsecurity.com | L85: jsdsecu@gmail.com | M85: 서울특별시 성동구 아차산로 126 10층 | N85: 얼굴인증, 이상탐지, 양자내성암호, 사설인증체계 | O85: 김봉필 | P85: 보안컨설팅실 | Q85: 실장 | R85: 02-2146-2883 | S85: bpkim@dreamsecurity.com | T85: 010-7417-0055 | U85: 김주섭 | V85: 경영기획팀 | W85: 책임/팀장 | X85: 02-2146-9556 | Y85: jooseob@dreamsecurity.com | Z85: 010-5064-8080 | AB85: =IF(LEN($C85)>0,COUNT(AB$1:AB84)+1,"") | AC85: =IF(LEN($D85)>0,COUNT(AC$1:AC84)+1,"") -> 83 | AD85: =IF(LEN($E85)>0,COUNT(AD$1:AD84)+1,"") | AE85: =IF(LEN($F85)>0,COUNT(AE$1:AE84)+1,"")
A86: =IF(B86="","",ROW()-2) -> 84 | B86: 롯데 이노베이트㈜ | D86: O | G86: 대기업 | H86: 687-81-00785 | I86: 김경엽 | J86: 02-2626-4000 | K86: https://www.lotteinnovate.com/ | L86: jo2nyluv@gmail.com | M86: 서울시 금천구 가산디지털2로 179 롯데센터 | N86: 자체 파운데이션 모델 및 AI 서비스 플랫폼 | O86: 오현식 | P86: AI혁신센터 | Q86: 상무/AI혁신센터장 | R86: 010-2079-5727 | S86: hyunsikoh@lotte.net | T86: 010-2079-5727 | U86: 장지성 | V86: AI혁신센터 | W86: 프로/AI혁신팀 매니저 | X86: 010-7644-2364 | Y86: js_jang@lotte.net | Z86: 010-7644-2364 | AB86: =IF(LEN($C86)>0,COUNT(AB$1:AB85)+1,"") | AC86: =IF(LEN($D86)>0,COUNT(AC$1:AC85)+1,"") -> 84 | AD86: =IF(LEN($E86)>0,COUNT(AD$1:AD85)+1,"") | AE86: =IF(LEN($F86)>0,COUNT(AE$1:AE85)+1,"")
A87: =IF(B87="","",ROW()-2) -> 85 | B87: NC AI(주식회사 엔씨에이아이) | D87: O | G87: 대기업 | H87: 444-88-03744 | I87: 이연수 | J87: 02-6201-0099 | K87: https://nc-ai.com/ko | L87: jonghotab@gmail.com | M87: 경기도 성남시 분당구 대왕판교로644번길 12, N타워 6층(삼평동, 엔씨소프트 판교R&D센터) | N87: 산업 특화 AI - VAETKI(배키), VARCO(바르코), 피지컬AI | O87: 김근교 | P87: 글로벌사업실 | Q87: 실장 | R87: 010-8229-7240 | S87: keunkyo@ncsoft.com | T87: 010-8229-7240 | U87: 김종호 | V87: 글로벌사업실 | W87: 매니저 | X87: 010-4664-8687 | Y87: jhkim8687@ncsoft.com | Z87: 010-4664-8687 | AB87: =IF(LEN($C87)>0,COUNT(AB$1:AB86)+1,"") | AC87: =IF(LEN($D87)>0,COUNT(AC$1:AC86)+1,"") -> 85 | AD87: =IF(LEN($E87)>0,COUNT(AD$1:AD86)+1,"") | AE87: =IF(LEN($F87)>0,COUNT(AE$1:AE86)+1,"")
A88: =IF(B88="","",ROW()-2) -> 86 | B88: 사단법인 한국디지털인증협회 | D88: O | E88: O | G88: 협회·단체 | H88: 894-82-00089 | I88: 이기혁 | J88: 02-761-1060 | K88: https://opendid.org/ | L88: ldh3741@gmail.com | M88: 서울시 영등포구 여의대로 108, 파크원빌딩 타워2 48층 | N88: AAM(Agentic AI Management), 데이터 라벨링, Open DID, MainNet 등 | O88: 임도현 | P88: COO | Q88: 상근부회장/COO | R88: 02-761-1060 | S88: david.lim@opendid.org | T88: 010-5512-3330 | U88: 유호종 | V88: 사무국 | W88: 차장/기획팀 | X88: 02-761-1060 | Y88: hjyoo@opendid.org | Z88: 010-3715-8070 | AB88: =IF(LEN($C88)>0,COUNT(AB$1:AB87)+1,"") | AC88: =IF(LEN($D88)>0,COUNT(AC$1:AC87)+1,"") -> 86 | AD88: =IF(LEN($E88)>0,COUNT(AD$1:AD87)+1,"") -> 5 | AE88: =IF(LEN($F88)>0,COUNT(AE$1:AE87)+1,"")
A89: =IF(B89="","",ROW()-2) -> 87 | B89: 주식회사 퓨리오사에이아이 | D89: O | G89: 중소기업 | H89: 860-87-00780 | I89: 백준호 대표 | J89: - | K89: furiosa.ai | L89: jinsu.kim@furiosa.ai | M89: 서울시 강남구 도산대로 145, 6층 | N89: AI반도체 | O89: 김진수 | P89: 비즈니스 | Q89: 이사 | R89: 010-2888-8284 | S89: jinsu.kim@furiosa.ai | T89: 010-2888-8284 | U89: 김진호 | V89: 비즈니스 | W89: 대리 | X89: 010-2527-0940 | Y89: jinho.kim@furiosa.ai | Z89: 010-2527-0940 | AA89: 2지망 생태계 신청 | AB89: =IF(LEN($C89)>0,COUNT(AB$1:AB88)+1,"") | AC89: =IF(LEN($D89)>0,COUNT(AC$1:AC88)+1,"") -> 87 | AD89: =IF(LEN($E89)>0,COUNT(AD$1:AD88)+1,"") | AE89: =IF(LEN($F89)>0,COUNT(AE$1:AE88)+1,"")
A90: =IF(B90="","",ROW()-2) -> 88 | B90: 삼도회계법인 | D90: O | G90: 중소기업 | H90: 575-81-00046 | I90: 오준석, 방찬식 | J90: 02-511-2460 | K90: http://www.samdoacc.com/ | L90: namcw77@gmail.com | M90: 서울시 서초구 사평대로 361, 3층 (반포동, 청원빌딩) | N90: 디지털 감사 및 AI 감사, AX 컨설팅 및 자문 | O90: 남철우 | P90: 4본부 | Q90: IT상무 | R90: 02-511-2460 | S90: 77ncw@samdoacc.com / 77ncw@hanmail.net | T90: 010-5382-5680 | U90: 남철우 | V90: 4본부 | W90: IT상무 | X90: 02-511-2460 | Y90: 77ncw@samdoacc.com / 77ncw@hanmail.net | Z90: 010-5382-5680 | AA90: 2지망 생태계 신청 | AB90: =IF(LEN($C90)>0,COUNT(AB$1:AB89)+1,"") | AC90: =IF(LEN($D90)>0,COUNT(AC$1:AC89)+1,"") -> 88 | AD90: =IF(LEN($E90)>0,COUNT(AD$1:AD89)+1,"") | AE90: =IF(LEN($F90)>0,COUNT(AE$1:AE89)+1,"")
A91: =IF(B91="","",ROW()-2) -> 89 | B91: (주) 엘지씨엔에스 | D91: O | G91: 대기업 | H91: 116-81-19477 | I91: 현신균 | J91: 02-2099-1097 | K91: www.lgcns.com | L91: psb0807@gmail.com | M91: 서울특별시 강서구 마곡중앙8로 71 E13 | N91: 에이전틱웍스, 에이엑스씽크 | O91: 임은영 | P91: AI클라우드사업부 AI센터 Agentic AI사업담당 | Q91: 담당 | R91: 010-7132-8937 | S91: eylim@lgcns.com | T91: 010-7132-8937 | U91: 이승아 | V91: AI클라우드사업부 AI센터 AI전략/Alliance팀 | W91: 팀장 | X91: 010-3349-8729 | Y91: chirosiro@lgcns.com | Z91: 010-3349-8729 | AA91: 2지망 생태계 신청 | AB91: =IF(LEN($C91)>0,COUNT(AB$1:AB90)+1,"") | AC91: =IF(LEN($D91)>0,COUNT(AC$1:AC90)+1,"") -> 89 | AD91: =IF(LEN($E91)>0,COUNT(AD$1:AD90)+1,"") | AE91: =IF(LEN($F91)>0,COUNT(AE$1:AE90)+1,"")
A92: =IF(B92="","",ROW()-2) -> 90 | B92: SK텔레콤(주) | D92: O | G92: 대기업 | H92: 104-81-37225 | I92: 유영상 | J92: 02-6100-2114 | K92: https://www.sktelecom.com | L92: jongkeun.jung@gmail.com | M92: 서울특별시 중구 을지로 65 SKT타워 | N92: Foundation Model 및 서비스 | O92: 김지훈 | P92: AI CIC 에이닷사업본부 | Q92: 담당(본부장) | R92: 010-3129-1095 | S92: jihoon.kim@sk.com | T92: 010-3129-1095 | U92: 이승훈 | V92: AI CIC 에이닷사업본부 에이닷사업전략팀 | W92: 팀장 | X92: 010-4129-0016 | Y92: seunghoon@sk.com | Z92: 010-4129-0016 | AA92: 2지망 생태계 신청 | AB92: =IF(LEN($C92)>0,COUNT(AB$1:AB91)+1,"") | AC92: =IF(LEN($D92)>0,COUNT(AC$1:AC91)+1,"") -> 90 | AD92: =IF(LEN($E92)>0,COUNT(AD$1:AD91)+1,"") | AE92: =IF(LEN($F92)>0,COUNT(AE$1:AE91)+1,"")
A93: =IF(B93="","",ROW()-2) -> 91 | B93: (주)섹타나인 | D93: O | G93: 중견기업 | H93: 113-86-10017 | I93: 김대일 | J93: 02-2276-6800 | K93: https://www.secta9ine.co.kr | L93: s9.ms2.kim@gmail.com | M93: 서울시 강남구 논현로 201 | N93: 1. 그룹 자체 파운데이션 모델 구축 및 운영 2. 수십 년간의 식음료 고유 지적재산권 및 데이터를 특화한 다양한 AI NPD 솔루션들 존재. 3. AI RPA도입 및 활용 진행 중 | O93: 추연진 | P93: CPO / CAIO 본부 | Q93: 본부장 | R93: 02-2276-6730 | S93: andrew.chu@spc.co.kr | T93: 010-3639-2210 | U93: 강성구 | V93: Deep Sync | W93: 담당 | X93: 010-3683-9079 | Y93: seonggoo.kang@spc.co.kr | Z93: 010-3683-9079 | AA93: 2지망 생태계 신청 | AB93: =IF(LEN($C93)>0,COUNT(AB$1:AB92)+1,"") | AC93: =IF(LEN($D93)>0,COUNT(AC$1:AC92)+1,"") -> 91 | AD93: =IF(LEN($E93)>0,COUNT(AD$1:AD92)+1,"") | AE93: =IF(LEN($F93)>0,COUNT(AE$1:AE92)+1,"")
A94: =IF(B94="","",ROW()-2) -> 92 | B94: (주)현대퓨처넷 | D94: O | G94: 대기업 | H94: 112-81-31178 | I94: 김성일 | J94: 02-3450-2233 | K94: https://hyundaifuturenet.com | M94: 서울시 강남구 테헤란로 98길 12. 6층 현대퓨처넷 | N94: 분야 : 벡터DB, 자연어쿼리, AI 에이전트, AI 모델 엔진/아키텍처 기술. 서비스 : AI카피라이터, AI TextEdit, AI Trend Brief, Vectocore, X Finder 등 | O94: 김석훈 | P94: IT사업본부 | Q94: 상무/본부장 | R94: 02-6904-1710 | S94: seoguny@hyundaifuturenet.co.kr | T94: 010-3233-4212 | U94: 노시진 오숙 | V94: AI Lab | W94: 책임/팀장 | X94: 02-6904-1840 | Y94: sijin@hyundaifuturenet.co.kr happiness0402@hyundaifuturenet.co.kr | Z94: 010-4772-3444 | AB94: =IF(LEN($C94)>0,COUNT(AB$1:AB93)+1,"") | AC94: =IF(LEN($D94)>0,COUNT(AC$1:AC93)+1,"") -> 92 | AD94: =IF(LEN($E94)>0,COUNT(AD$1:AD93)+1,"") | AE94: =IF(LEN($F94)>0,COUNT(AE$1:AE93)+1,"")
A95: =IF(B95="","",ROW()-2) -> 93 | B95: 한국도로공사 | D95: O | G95: 공공기관 | H95: 12-82-00103 | I95: 이상재(사장 직무대행) | J95: 1588-2504 | K95: www.ex.co.kr | M95: 경상북도 김천시 혁신8로 77(율곡로) | N95: 공공서비스(도로교통분야) | O95: 백상현 | P95: AX현신처 | Q95: 처장 | R95: 054-811-4501 | S95: peak@ex.co.kr | T95: 010-3158-8288 | U95: 최은경 | V95: AX현신처 | W95: 차장 | X95: 054-811-4518 | Y95: ekchoi@ex.co.kr | Z95: 010-3439-1314 | AA95: 2지망 생태계 신청 | AB95: =IF(LEN($C95)>0,COUNT(AB$1:AB94)+1,"") | AC95: =IF(LEN($D95)>0,COUNT(AC$1:AC94)+1,"") -> 93 | AD95: =IF(LEN($E95)>0,COUNT(AD$1:AD94)+1,"") | AE95: =IF(LEN($F95)>0,COUNT(AE$1:AE94)+1,"")
A96: =IF(B96="","",ROW()-2) -> 94 | B96: 주식회사 마키나락스 | D96: O | G96: 중소기업 | H96: 441-86-01015 | I96: 윤성호 | J96: 02-6245-1221 | K96: www.makinarocks.ai | M96: 서울특별시 서초구 강남대로 343, 신덕빌링 12층 | N96: 제조 / 국방 산업 특화 AI | O96: 심상우 | P96: FDE본부 | Q96: CTO | R96: 02-6245-1221 | S96: sangwoo@makinarocks.ai | T96: 010-2125-9520 | U96: 이주호 | V96: 사업화본부 | W96: 매니저 | X96: 010-4877-1828 | Y96: juho.lee@makinarocks.ai | Z96: 010-4877-1828 | AB96: =IF(LEN($C96)>0,COUNT(AB$1:AB95)+1,"") | AC96: =IF(LEN($D96)>0,COUNT(AC$1:AC95)+1,"") -> 94 | AD96: =IF(LEN($E96)>0,COUNT(AD$1:AD95)+1,"") | AE96: =IF(LEN($F96)>0,COUNT(AE$1:AE95)+1,"")
A97: =IF(B97="","",ROW()-2) -> 95 | B97: 주식회사 에이치엘엠코리아 | D97: O | G97: 중소기업 | H97: 741-81-03238 | I97: 이주원 | J97: 1577-5211 | K97: 별도 없음(전문 유통판매 도매사) | M97: 서울 송파구 송파대로 201, 테라타워2 비동 U20 | N97: 의료소프트웨어 전문 판매사 | O97: 이주원 | P97: 대표이사 | Q97: 대표이사 | R97: 010-9326-6873 | S97: juwon.lee@hlmkorea.com | T97: 010-9326-6873 | U97: 이주원 | V97: 대표이사 | W97: 대표이사 | X97: 010-9326-6873 | Y97: juwon.lee@hlmkorea.com | Z97: 010-9326-6873 | AB97: =IF(LEN($C97)>0,COUNT(AB$1:AB96)+1,"") | AC97: =IF(LEN($D97)>0,COUNT(AC$1:AC96)+1,"") -> 95 | AD97: =IF(LEN($E97)>0,COUNT(AD$1:AD96)+1,"") | AE97: =IF(LEN($F97)>0,COUNT(AE$1:AE96)+1,"")
A98: =IF(B98="","",ROW()-2) -> 96 | B98: 주식회사 시넥스 | C98: O | D98: O | E98: O | G98: 중소기업 | H98: 744-87-03807 | I98: 이대은 | J98: 010-2450-0854 | K98: https://synnex.kr/ | M98: 서울시 강남구 논현로 10길 30, 505-J11호 | N98: 에듀테크 / AI 교육용 솔루션(AI co-Learner) / 개인 맞춤형 AI 역량강화 솔루션 | O98: 이대은 | P98: 임원실 | Q98: 대표이사 | R98: 010-2450-0854 | S98: daeeun.lee@synnex.kr | T98: 010-2450-0854 | U98: 이대은 | V98: 임원실 | W98: 대표이사 | X98: 010-2450-0854 | Y98: daeeun.lee@synnex.kr | Z98: 010-2450-0854 | AB98: =IF(LEN($C98)>0,COUNT(AB$1:AB97)+1,"") -> 3 | AC98: =IF(LEN($D98)>0,COUNT(AC$1:AC97)+1,"") -> 96 | AD98: =IF(LEN($E98)>0,COUNT(AD$1:AD97)+1,"") -> 6 | AE98: =IF(LEN($F98)>0,COUNT(AE$1:AE97)+1,"")
A99: =IF(B99="","",ROW()-2) -> 97 | B99: (주)스위트케이 | D99: O | G99: 중소기업 | H99: 138-81-89385 | I99: 김민철 | J99: 010-2713-4421 | K99: https://www.sweetk.co.kr/ | M99: 경기도 과천시 과천대로 7길 65, 상상자이타워 B동 1514-1515, 1501, 1519호 | N99: 스마트글라스-Physical AI 기반 실시간 설비 안전·운영 지원 AI 에이전트, 온프레미스 LLM/RAG 기반 AI 에이전트, 대규모 CCTV 객체추적·재식별 AI | O99: 이준호 | P99: AI연구본부 | Q99: 상무/본부장 | R99: 02-3434-3120 | S99: jh.lee@sweetk.co.kr | T99: 010-4937-9962 | U99: 이종혁 | V99: AX사업본부 | W99: 차장/팀장 | X99: 02-3434-3120 | Y99: jhlee@sweetk.co.kr | Z99: 010-2677-2872 | AA99: 2지망 생태계 신청 | AB99: =IF(LEN($C99)>0,COUNT(AB$1:AB98)+1,"") | AC99: =IF(LEN($D99)>0,COUNT(AC$1:AC98)+1,"") -> 97 | AD99: =IF(LEN($E99)>0,COUNT(AD$1:AD98)+1,"") | AE99: =IF(LEN($F99)>0,COUNT(AE$1:AE98)+1,"")
A100: =IF(B100="","",ROW()-2) -> 98 | B100: (주)모비루스 | D100: O | G100: 중소기업 | H100: 504-81-60421 | I100: 조병호 | J100: 031-759-0744 | K100: https://www.mobilus.ai | M100: 경기도 성남시 수정구 창업로 43, A-311(판교글로벌비지니스센터) | N100: 자율주행/자율작업 농기계 솔루션 | O100: 김재철 | P100: 사업개발본부 | Q100: 상무/본부장 | R100: 031-759-0744 | S100: ratm1024@mobilus.ai | T100: 010-8829-1459 | U100: 조승헌 | V100: 사업개발본부 | W100: 이사/기획실장 | X100: 031-759-0744 | Y100: sh.cho@mobilus.ai | Z100: 010-9132-0830 | AB100: =IF(LEN($C100)>0,COUNT(AB$1:AB99)+1,"") | AC100: =IF(LEN($D100)>0,COUNT(AC$1:AC99)+1,"") -> 98 | AD100: =IF(LEN($E100)>0,COUNT(AD$1:AD99)+1,"") | AE100: =IF(LEN($F100)>0,COUNT(AE$1:AE99)+1,"")
...

Sheet 기술분과
A1: 기업(기관) 정보 | O1: 활동 임원 | U1: 활동 실무
A2: No | B2: 회사(기관, 대학)명 | C2: 기술 | D2: 산업 | E2: 생태계 | F2: 안전·신뢰 | G2: 기업유형 | H2: 사업자등록번호 | I2: 대표자 | J2: 대표전화 | K2: 홈페이지 | L2: 이메일 주소 | M2: 주소 | N2: AI 전문 분야 및 보유기술·서비스(솔루션) | O2: 성명 | P2: 부서 | Q2: 직위/직책 | R2: 전화번호 | S2: 이메일 | T2: 휴대전화 번호 | U2: 성명 2 | V2: 부서 2 | W2: 직위/직책 2 | X2: 전화번호 2 | Y2: 이메일 2 | Z2: 휴대전화 번호 2
A3: =IF(B3="","",ROW()-2) -> 1 | B3: =IFERROR(INDEX(종합!B$3:B$501,MATCH(ROW()-2,종합!$AB$3:$AB$501,0))&"","") -> 앵글컴퍼니 주식회사 | C3: =IFERROR(INDEX(종합!C$3:C$501,MATCH(ROW()-2,종합!$AB$3:$AB$501,0))&"","") -> O | D3: =IFERROR(INDEX(종합!D$3:D$501,MATCH(ROW()-2,종합!$AB$3:$AB$501,0))&"","") -> O | E3: =IFERROR(INDEX(종합!E$3:E$501,MATCH(ROW()-2,종합!$AB$3:$AB$501,0))&"","") -> O | F3: =IFERROR(INDEX(종합!F$3:F$501,MATCH(ROW()-2,종합!$AB$3:$AB$501,0))&"","") | G3: =IFERROR(INDEX(종합!G$3:G$501,MATCH(ROW()-2,종합!$AB$3:$AB$501,0))&"","") -> 중소기업 | H3: =IFERROR(INDEX(종합!H$3:H$501,MATCH(ROW()-2,종합!$AB$3:$AB$501,0))&"","") -> 172-88-02621 | I3: =IFERROR(INDEX(종합!I$3:I$501,MATCH(ROW()-2,종합!$AB$3:$AB$501,0))&"","") -> 박재범 | ... Z3: =IFERROR(INDEX(종합!Z$3:Z$501,MATCH(ROW()-2,종합!$AB$3:$AB$501,0))&"","") -> 010-4717-8478
A4: =IF(B4="","",ROW()-2) -> 2 | B4: =IFERROR(INDEX(종합!B$3:B$501,MATCH(ROW()-2,종합!$AB$3:$AB$501,0))&"","") -> (주)글로비트 | C4: =IFERROR(INDEX(종합!C$3:C$501,MATCH(ROW()-2,종합!$AB$3:$AB$501,0))&"","") -> O | D4: =IFERROR(INDEX(종합!D$3:D$501,MATCH(ROW()-2,종합!$AB$3:$AB$501,0))&"","") -> O | E4: =IFERROR(INDEX(종합!E$3:E$501,MATCH(ROW()-2,종합!$AB$3:$AB$501,0))&"","") | F4: =IFERROR(INDEX(종합!F$3:F$501,MATCH(ROW()-2,종합!$AB$3:$AB$501,0))&"","") | G4: =IFERROR(INDEX(종합!G$3:G$501,MATCH(ROW()-2,종합!$AB$3:$AB$501,0))&"","") -> 중소기업 | H4: =IFERROR(INDEX(종합!H$3:H$501,MATCH(ROW()-2,종합!$AB$3:$AB$501,0))&"","") -> 616-81-92018 | I4: =IFERROR(INDEX(종합!I$3:I$501,MATCH(ROW()-2,종합!$AB$3:$AB$501,0))&"","") -> 김형수 | ... Z4: =IFERROR(INDEX(종합!Z$3:Z$501,MATCH(ROW()-2,종합!$AB$3:$AB$501,0))&"","") -> 010-2981-6386
A5: =IF(B5="","",ROW()-2) -> 3 | B5: =IFERROR(INDEX(종합!B$3:B$501,MATCH(ROW()-2,종합!$AB$3:$AB$501,0))&"","") -> 주식회사 시넥스 | C5: =IFERROR(INDEX(종합!C$3:C$501,MATCH(ROW()-2,종합!$AB$3:$AB$501,0))&"","") -> O | D5: =IFERROR(INDEX(종합!D$3:D$501,MATCH(ROW()-2,종합!$AB$3:$AB$501,0))&"","") -> O | E5: =IFERROR(INDEX(종합!E$3:E$501,MATCH(ROW()-2,종합!$AB$3:$AB$501,0))&"","") -> O | F5: =IFERROR(INDEX(종합!F$3:F$501,MATCH(ROW()-2,종합!$AB$3:$AB$501,0))&"","") | G5: =IFERROR(INDEX(종합!G$3:G$501,MATCH(ROW()-2,종합!$AB$3:$AB$501,0))&"","") -> 중소기업 | H5: =IFERROR(INDEX(종합!H$3:H$501,MATCH(ROW()-2,종합!$AB$3:$AB$501,0))&"","") -> 744-87-03807 | I5: =IFERROR(INDEX(종합!I$3:I$501,MATCH(ROW()-2,종합!$AB$3:$AB$501,0))&"","") -> 이대은 | ... Z5: =IFERROR(INDEX(종합!Z$3:Z$501,MATCH(ROW()-2,종합!$AB$3:$AB$501,0))&"","") -> 010-2450-0854
A6: =IF(B6="","",ROW()-2) -> 4 | B6: =IFERROR(INDEX(종합!B$3:B$501,MATCH(ROW()-2,종합!$AB$3:$AB$501,0))&"","") -> (주)디토닉 | C6: =IFERROR(INDEX(종합!C$3:C$501,MATCH(ROW()-2,종합!$AB$3:$AB$501,0))&"","") -> O | D6: =IFERROR(INDEX(종합!D$3:D$501,MATCH(ROW()-2,종합!$AB$3:$AB$501,0))&"","") -> O | E6: =IFERROR(INDEX(종합!E$3:E$501,MATCH(ROW()-2,종합!$AB$3:$AB$501,0))&"","") | F6: =IFERROR(INDEX(종합!F$3:F$501,MATCH(ROW()-2,종합!$AB$3:$AB$501,0))&"","") | G6: =IFERROR(INDEX(종합!G$3:G$501,MATCH(ROW()-2,종합!$AB$3:$AB$501,0))&"","") -> 중소기업 | H6: =IFERROR(INDEX(종합!H$3:H$501,MATCH(ROW()-2,종합!$AB$3:$AB$501,0))&"","") -> 264-81-37380 | I6: =IFERROR(INDEX(종합!I$3:I$501,MATCH(ROW()-2,종합!$AB$3:$AB$501,0))&"","") -> 전용주 | ... Z6: =IFERROR(INDEX(종합!Z$3:Z$501,MATCH(ROW()-2,종합!$AB$3:$AB$501,0))&"","") -> 010-8990-6844
A7: =IF(B7="","",ROW()-2) -> 5 | B7: =IFERROR(INDEX(종합!B$3:B$501,MATCH(ROW()-2,종합!$AB$3:$AB$501,0))&"","") -> (주) 에이아이웍스 | C7: =IFERROR(INDEX(종합!C$3:C$501,MATCH(ROW()-2,종합!$AB$3:$AB$501,0))&"","") -> O | D7: =IFERROR(INDEX(종합!D$3:D$501,MATCH(ROW()-2,종합!$AB$3:$AB$501,0))&"","") -> O | E7: =IFERROR(INDEX(종합!E$3:E$501,MATCH(ROW()-2,종합!$AB$3:$AB$501,0))&"","") -> O | F7: =IFERROR(INDEX(종합!F$3:F$501,MATCH(ROW()-2,종합!$AB$3:$AB$501,0))&"","") -> O | G7: =IFERROR(INDEX(종합!G$3:G$501,MATCH(ROW()-2,종합!$AB$3:$AB$501,0))&"","") -> 중소기업 | H7: =IFERROR(INDEX(종합!H$3:H$501,MATCH(ROW()-2,종합!$AB$3:$AB$501,0))&"","") -> 517-88-00087 | I7: =IFERROR(INDEX(종합!I$3:I$501,MATCH(ROW()-2,종합!$AB$3:$AB$501,0))&"","") -> 윤석원 | ... Z7: =IFERROR(INDEX(종합!Z$3:Z$501,MATCH(ROW()-2,종합!$AB$3:$AB$501,0))&"","") -> 010-4720-7721
A8: =IF(B8="","",ROW()-2) -> 6 | B8: =IFERROR(INDEX(종합!B$3:B$501,MATCH(ROW()-2,종합!$AB$3:$AB$501,0))&"","") -> 알서포트 주식회사 | C8: =IFERROR(INDEX(종합!C$3:C$501,MATCH(ROW()-2,종합!$AB$3:$AB$501,0))&"","") -> O | D8: =IFERROR(INDEX(종합!D$3:D$501,MATCH(ROW()-2,종합!$AB$3:$AB$501,0))&"","") -> O | E8: =IFERROR(INDEX(종합!E$3:E$501,MATCH(ROW()-2,종합!$AB$3:$AB$501,0))&"","") -> O | F8: =IFERROR(INDEX(종합!F$3:F$501,MATCH(ROW()-2,종합!$AB$3:$AB$501,0))&"","") -> O | G8: =IFERROR(INDEX(종합!G$3:G$501,MATCH(ROW()-2,종합!$AB$3:$AB$501,0))&"","") -> 중소기업 | H8: =IFERROR(INDEX(종합!H$3:H$501,MATCH(ROW()-2,종합!$AB$3:$AB$501,0))&"","") -> 114-86-82265 | I8: =IFERROR(INDEX(종합!I$3:I$501,MATCH(ROW()-2,종합!$AB$3:$AB$501,0))&"","") -> 서형수 | ... Z8: =IFERROR(INDEX(종합!Z$3:Z$501,MATCH(ROW()-2,종합!$AB$3:$AB$501,0))&"","") -> 010-4142-1220
A9: =IF(B9="","",ROW()-2) -> 7 | B9: =IFERROR(INDEX(종합!B$3:B$501,MATCH(ROW()-2,종합!$AB$3:$AB$501,0))&"","") -> 디밀리언 | C9: =IFERROR(INDEX(종합!C$3:C$501,MATCH(ROW()-2,종합!$AB$3:$AB$501,0))&"","") -> O | D9: =IFERROR(INDEX(종합!D$3:D$501,MATCH(ROW()-2,종합!$AB$3:$AB$501,0))&"","") -> O | E9: =IFERROR(INDEX(종합!E$3:E$501,MATCH(ROW()-2,종합!$AB$3:$AB$501,0))&"","") -> O | F9: =IFERROR(INDEX(종합!F$3:F$501,MATCH(ROW()-2,종합!$AB$3:$AB$501,0))&"","") | G9: =IFERROR(INDEX(종합!G$3:G$501,MATCH(ROW()-2,종합!$AB$3:$AB$501,0))&"","") -> 중소기업 | H9: =IFERROR(INDEX(종합!H$3:H$501,MATCH(ROW()-2,종합!$AB$3:$AB$501,0))&"","") -> 704-87-02815 | I9: =IFERROR(INDEX(종합!I$3:I$501,MATCH(ROW()-2,종합!$AB$3:$AB$501,0))&"","") -> 한요한 | ... Z9: =IFERROR(INDEX(종합!Z$3:Z$501,MATCH(ROW()-2,종합!$AB$3:$AB$501,0))&"","") -> 010-2375-9958
A10: =IF(B10="","",ROW()-2) -> 8 | B10: =IFERROR(INDEX(종합!B$3:B$501,MATCH(ROW()-2,종합!$AB$3:$AB$501,0))&"","") -> (주)오토마타 | C10: =IFERROR(INDEX(종합!C$3:C$501,MATCH(ROW()-2,종합!$AB$3:$AB$501,0))&"","") -> O | D10: =IFERROR(INDEX(종합!D$3:D$501,MATCH(ROW()-2,종합!$AB$3:$AB$501,0))&"","") | E10: =IFERROR(INDEX(종합!E$3:E$501,MATCH(ROW()-2,종합!$AB$3:$AB$501,0))&"","") | F10: =IFERROR(INDEX(종합!F$3:F$501,MATCH(ROW()-2,종합!$AB$3:$AB$501,0))&"","") | G10: =IFERROR(INDEX(종합!G$3:G$501,MATCH(ROW()-2,종합!$AB$3:$AB$501,0))&"","") -> 중소기업 | H10: =IFERROR(INDEX(종합!H$3:H$501,MATCH(ROW()-2,종합!$AB$3:$AB$501,0))&"","") -> 590-88-00990 | I10: =IFERROR(INDEX(종합!I$3:I$501,MATCH(ROW()-2,종합!$AB$3:$AB$501,0))&"","") -> 이민규 | ... Z10: =IFERROR(INDEX(종합!Z$3:Z$501,MATCH(ROW()-2,종합!$AB$3:$AB$501,0))&"","") -> 010-9517-1322
A11: =IF(B11="","",ROW()-2) -> 9 | B11: =IFERROR(INDEX(종합!B$3:B$501,MATCH(ROW()-2,종합!$AB$3:$AB$501,0))&"","") -> (주)한국인공지능검증원 | C11: =IFERROR(INDEX(종합!C$3:C$501,MATCH(ROW()-2,종합!$AB$3:$AB$501,0))&"","") -> O | D11: =IFERROR(INDEX(종합!D$3:D$501,MATCH(ROW()-2,종합!$AB$3:$AB$501,0))&"","") | E11: =IFERROR(INDEX(종합!E$3:E$501,MATCH(ROW()-2,종합!$AB$3:$AB$501,0))&"","") | F11: =IFERROR(INDEX(종합!F$3:F$501,MATCH(ROW()-2,종합!$AB$3:$AB$501,0))&"","") | G11: =IFERROR(INDEX(종합!G$3:G$501,MATCH(ROW()-2,종합!$AB$3:$AB$501,0))&"","") -> 중소기업 | H11: =IFERROR(INDEX(종합!H$3:H$501,MATCH(ROW()-2,종합!$AB$3:$AB$501,0))&"","") -> 880-81-02140 | I11: =IFERROR(INDEX(종합!I$3:I$501,MATCH(ROW()-2,종합!$AB$3:$AB$501,0))&"","") -> 강문정 | ... Z11: =IFERROR(INDEX(종합!Z$3:Z$501,MATCH(ROW()-2,종합!$AB$3:$AB$501,0))&"","") -> 010-9557-1287
A12: =IF(B12="","",ROW()-2) -> 10 | B12: =IFERROR(INDEX(종합!B$3:B$501,MATCH(ROW()-2,종합!$AB$3:$AB$501,0))&"","") -> (주)이지스 | C12: =IFERROR(INDEX(종합!C$3:C$501,MATCH(ROW()-2,종합!$AB$3:$AB$501,0))&"","") -> O | D12: =IFERROR(INDEX(종합!D$3:D$501,MATCH(ROW()-2,종합!$AB$3:$AB$501,0))&"","") | E12: =IFERROR(INDEX(종합!E$3:E$501,MATCH(ROW()-2,종합!$AB$3:$AB$501,0))&"","") | F12: =IFERROR(INDEX(종합!F$3:F$501,MATCH(ROW()-2,종합!$AB$3:$AB$501,0))&"","") | G12: =IFERROR(INDEX(종합!G$3:G$501,MATCH(ROW()-2,종합!$AB$3:$AB$501,0))&"","") -> 중소기업 | H12: =IFERROR(INDEX(종합!H$3:H$501,MATCH(ROW()-2,종합!$AB$3:$AB$501,0))&"","") -> 503-81-49156 | I12: =IFERROR(INDEX(종합!I$3:I$501,MATCH(ROW()-2,종합!$AB$3:$AB$501,0))&"","") -> 김성호 | ... Z12: =IFERROR(INDEX(종합!Z$3:Z$501,MATCH(ROW()-2,종합!$AB$3:$AB$501,0))&"","") -> 010-9904-1147
A13: =IF(B13="","",ROW()-2) -> 11 | B13: =IFERROR(INDEX(종합!B$3:B$501,MATCH(ROW()-2,종합!$AB$3:$AB$501,0))&"","") -> 칵테일아이오(주) | C13: =IFERROR(INDEX(종합!C$3:C$501,MATCH(ROW()-2,종합!$AB$3:$AB$501,0))&"","") -> O | D13: =IFERROR(INDEX(종합!D$3:D$501,MATCH(ROW()-2,종합!$AB$3:$AB$501,0))&"","") | E13: =IFERROR(INDEX(종합!E$3:E$501,MATCH(ROW()-2,종합!$AB$3:$AB$501,0))&"","") | F13: =IFERROR(INDEX(종합!F$3:F$501,MATCH(ROW()-2,종합!$AB$3:$AB$501,0))&"","") | G13: =IFERROR(INDEX(종합!G$3:G$501,MATCH(ROW()-2,종합!$AB$3:$AB$501,0))&"","") -> 중소기업 | H13: =IFERROR(INDEX(종합!H$3:H$501,MATCH(ROW()-2,종합!$AB$3:$AB$501,0))&"","") -> 759-88-00454 | I13: =IFERROR(INDEX(종합!I$3:I$501,MATCH(ROW()-2,종합!$AB$3:$AB$501,0))&"","") -> 이영수 | ... Z13: =IFERROR(INDEX(종합!Z$3:Z$501,MATCH(ROW()-2,종합!$AB$3:$AB$501,0))&"","") -> 010-8337-6611
A14: =IF(B14="","",ROW()-2) -> 12 | B14: =IFERROR(INDEX(종합!B$3:B$501,MATCH(ROW()-2,종합!$AB$3:$AB$501,0))&"","") -> (주)브로드웨이브 | C14: =IFERROR(INDEX(종합!C$3:C$501,MATCH(ROW()-2,종합!$AB$3:$AB$501,0))&"","") -> O | D14: =IFERROR(INDEX(종합!D$3:D$501,MATCH(ROW()-2,종합!$AB$3:$AB$501,0))&"","") -> O | E14: =IFERROR(INDEX(종합!E$3:E$501,MATCH(ROW()-2,종합!$AB$3:$AB$501,0))&"","") -> O | F14: =IFERROR(INDEX(종합!F$3:F$501,MATCH(ROW()-2,종합!$AB$3:$AB$501,0))&"","") | G14: =IFERROR(INDEX(종합!G$3:G$501,MATCH(ROW()-2,종합!$AB$3:$AB$501,0))&"","") -> 중소기업 | H14: =IFERROR(INDEX(종합!H$3:H$501,MATCH(ROW()-2,종합!$AB$3:$AB$501,0))&"","") -> 105-86-66766 | I14: =IFERROR(INDEX(종합!I$3:I$501,MATCH(ROW()-2,종합!$AB$3:$AB$501,0))&"","") -> 이태진 | ... Z14: =IFERROR(INDEX(종합!Z$3:Z$501,MATCH(ROW()-2,종합!$AB$3:$AB$501,0))&"","") -> 010-2357-2799
... A452: =IF(B452="","",ROW()-2) | B452: =IFERROR(INDEX(종합!B$3:B$501,MATCH(ROW()-2,종합!$AB$3:$AB$501,0))&"","") | C452: =IFERROR(INDEX(종합!C$3:C$501,MATCH(ROW()-2,종합!$AB$3:$AB$501,0))&"","") | D452: =IFERROR(INDEX(종합!D$3:D$501,MATCH(ROW()-2,종합!$AB$3:$AB$501,0))&"","") | E452: =IFERROR(INDEX(종합!E$3:E$501,MATCH(ROW()-2,종합!$AB$3:$AB$501,0))&"","") | F452: =IFERROR(INDEX(종합!F$3:F$501,MATCH(ROW()-2,종합!$AB$3:$AB$501,0))&"","") | G452: =IFERROR(INDEX(종합!G$3:G$501,MATCH(ROW()-2,종합!$AB$3:$AB$501,0))&"","") | H452: =IFERROR(INDEX(종합!H$3:H$501,MATCH(ROW()-2,종합!$AB$3:$AB$501,0))&"","") | I452: =IFERROR(INDEX(종합!I$3:I$501,MATCH(ROW()-2,종합!$AB$3:$AB$501,0))&"","") | ... Z452: =IFERROR(INDEX(종합!Z$3:Z$501,MATCH(ROW()-2,종합!$AB$3:$AB$501,0))&"","")

Sheet 산업분과
A1: 기업(기관) 정보 | O1: 활동 임원 | U1: 활동 실무
A2: No | B2: 회사(기관, 대학)명 | C2: 기술 | D2: 산업 | E2: 생태계 | F2: 안전·신뢰 | G2: 기업유형 | H2: 사업자등록번호 | I2: 대표자 | J2: 대표전화 | K2: 홈페이지 | L2: 이메일 주소 | M2: 주소 | N2: AI 전문 분야 및 보유기술·서비스(솔루션) | O2: 성명 | P2: 부서 | Q2: 직위/직책 | R2: 전화번호 | S2: 이메일 | T2: 휴대전화 번호 | U2: 성명 2 | V2: 부서 2 | W2: 직위/직책 2 | X2: 전화번호 2 | Y2: 이메일 2 | Z2: 휴대전화 번호 2
A3: =IF(B3="","",ROW()-2) -> 1 | B3: =IFERROR(INDEX(종합!B$3:B$501,MATCH(ROW()-2,종합!$AC$3:$AC$501,0))&"","") -> 주식회사 케이솔루션즈 | C3: =IFERROR(INDEX(종합!C$3:C$501,MATCH(ROW()-2,종합!$AC$3:$AC$501,0))&"","") | D3: =IFERROR(INDEX(종합!D$3:D$501,MATCH(ROW()-2,종합!$AC$3:$AC$501,0))&"","") -> O | E3: =IFERROR(INDEX(종합!E$3:E$501,MATCH(ROW()-2,종합!$AC$3:$AC$501,0))&"","") | F3: =IFERROR(INDEX(종합!F$3:F$501,MATCH(ROW()-2,종합!$AC$3:$AC$501,0))&"","") | G3: =IFERROR(INDEX(종합!G$3:G$501,MATCH(ROW()-2,종합!$AC$3:$AC$501,0))&"","") -> 중소기업 | H3: =IFERROR(INDEX(종합!H$3:H$501,MATCH(ROW()-2,종합!$AC$3:$AC$501,0))&"","") -> 134-87-20969 | I3: =IFERROR(INDEX(종합!I$3:I$501,MATCH(ROW()-2,종합!$AC$3:$AC$501,0))&"","") -> 김민수 | ... Z3: =IFERROR(INDEX(종합!Z$3:Z$501,MATCH(ROW()-2,종합!$AC$3:$AC$501,0))&"","") -> 010-4526-3280
A4: =IF(B4="","",ROW()-2) -> 2 | B4: =IFERROR(INDEX(종합!B$3:B$501,MATCH(ROW()-2,종합!$AC$3:$AC$501,0))&"","") -> 농업회사법인 (주)온팜 | C4: =IFERROR(INDEX(종합!C$3:C$501,MATCH(ROW()-2,종합!$AC$3:$AC$501,0))&"","") | D4: =IFERROR(INDEX(종합!D$3:D$501,MATCH(ROW()-2,종합!$AC$3:$AC$501,0))&"","") -> O | E4: =IFERROR(INDEX(종합!E$3:E$501,MATCH(ROW()-2,종합!$AC$3:$AC$501,0))&"","") | F4: =IFERROR(INDEX(종합!F$3:F$501,MATCH(ROW()-2,종합!$AC$3:$AC$501,0))&"","") | G4: =IFERROR(INDEX(종합!G$3:G$501,MATCH(ROW()-2,종합!$AC$3:$AC$501,0))&"","") -> 중소기업 | H4: =IFERROR(INDEX(종합!H$3:H$501,MATCH(ROW()-2,종합!$AC$3:$AC$501,0))&"","") -> 291-88-01904 | I4: =IFERROR(INDEX(종합!I$3:I$501,MATCH(ROW()-2,종합!$AC$3:$AC$501,0))&"","") -> 정원기 | ... Z4: =IFERROR(INDEX(종합!Z$3:Z$501,MATCH(ROW()-2,종합!$AC$3:$AC$501,0))&"","") -> 010-5481-0716
A5: =IF(B5="","",ROW()-2) -> 3 | B5: =IFERROR(INDEX(종합!B$3:B$501,MATCH(ROW()-2,종합!$AC$3:$AC$501,0))&"","") -> 에스큐케이 주식회사 | C5: =IFERROR(INDEX(종합!C$3:C$501,MATCH(ROW()-2,종합!$AC$3:$AC$501,0))&"","") | D5: =IFERROR(INDEX(종합!D$3:D$501,MATCH(ROW()-2,종합!$AC$3:$AC$501,0))&"","") -> O | E5: =IFERROR(INDEX(종합!E$3:E$501,MATCH(ROW()-2,종합!$AC$3:$AC$501,0))&"","") | F5: =IFERROR(INDEX(종합!F$3:F$501,MATCH(ROW()-2,종합!$AC$3:$AC$501,0))&"","") | G5: =IFERROR(INDEX(종합!G$3:G$501,MATCH(ROW()-2,종합!$AC$3:$AC$501,0))&"","") -> 중소기업 | H5: =IFERROR(INDEX(종합!H$3:H$501,MATCH(ROW()-2,종합!$AC$3:$AC$501,0))&"","") -> 316-87-02767 | I5: =IFERROR(INDEX(종합!I$3:I$501,MATCH(ROW()-2,종합!$AC$3:$AC$501,0))&"","") -> 손영제 | ... Z5: =IFERROR(INDEX(종합!Z$3:Z$501,MATCH(ROW()-2,종합!$AC$3:$AC$501,0))&"","") -> 010-2989-1979
A6: =IF(B6="","",ROW()-2) -> 4 | B6: =IFERROR(INDEX(종합!B$3:B$501,MATCH(ROW()-2,종합!$AC$3:$AC$501,0))&"","") -> 맨인블록 주식회사 | C6: =IFERROR(INDEX(종합!C$3:C$501,MATCH(ROW()-2,종합!$AC$3:$AC$501,0))&"","") | D6: =IFERROR(INDEX(종합!D$3:D$501,MATCH(ROW()-2,종합!$AC$3:$AC$501,0))&"","") -> O | E6: =IFERROR(INDEX(종합!E$3:E$501,MATCH(ROW()-2,종합!$AC$3:$AC$501,0))&"","") | F6: =IFERROR(INDEX(종합!F$3:F$501,MATCH(ROW()-2,종합!$AC$3:$AC$501,0))&"","") | G6: =IFERROR(INDEX(종합!G$3:G$501,MATCH(ROW()-2,종합!$AC$3:$AC$501,0))&"","") -> 중소기업 | H6: =IFERROR(INDEX(종합!H$3:H$501,MATCH(ROW()-2,종합!$AC$3:$AC$501,0))&"","") -> 731-86-02727 | I6: =IFERROR(INDEX(종합!I$3:I$501,MATCH(ROW()-2,종합!$AC$3:$AC$501,0))&"","") -> 박종형 | ... Z6: =IFERROR(INDEX(종합!Z$3:Z$501,MATCH(ROW()-2,종합!$AC$3:$AC$501,0))&"","") -> 010-9371-4756
A7: =IF(B7="","",ROW()-2) -> 5 | B7: =IFERROR(INDEX(종합!B$3:B$501,MATCH(ROW()-2,종합!$AC$3:$AC$501,0))&"","") -> 주식회사 에스에이티정보 | C7: =IFERROR(INDEX(종합!C$3:C$501,MATCH(ROW()-2,종합!$AC$3:$AC$501,0))&"","") | D7: =IFERROR(INDEX(종합!D$3:D$501,MATCH(ROW()-2,종합!$AC$3:$AC$501,0))&"","") -> O | E7: =IFERROR(INDEX(종합!E$3:E$501,MATCH(ROW()-2,종합!$AC$3:$AC$501,0))&"","") | F7: =IFERROR(INDEX(종합!F$3:F$501,MATCH(ROW()-2,종합!$AC$3:$AC$501,0))&"","") | G7: =IFERROR(INDEX(종합!G$3:G$501,MATCH(ROW()-2,종합!$AC$3:$AC$501,0))&"","") -> 중소기업 | H7: =IFERROR(INDEX(종합!H$3:H$501,MATCH(ROW()-2,종합!$AC$3:$AC$501,0))&"","") -> 119-86-26690 | I7: =IFERROR(INDEX(종합!I$3:I$501,MATCH(ROW()-2,종합!$AC$3:$AC$501,0))&"","") -> 오세용 | ... Z7: =IFERROR(INDEX(종합!Z$3:Z$501,MATCH(ROW()-2,종합!$AC$3:$AC$501,0))&"","") -> 010-9005-5197
A8: =IF(B8="","",ROW()-2) -> 6 | B8: =IFERROR(INDEX(종합!B$3:B$501,MATCH(ROW()-2,종합!$AC$3:$AC$501,0))&"","") -> 주식회사 씨에스리 | C8: =IFERROR(INDEX(종합!C$3:C$501,MATCH(ROW()-2,종합!$AC$3:$AC$501,0))&"","") | D8: =IFERROR(INDEX(종합!D$3:D$501,MATCH(ROW()-2,종합!$AC$3:$AC$501,0))&"","") -> O | E8: =IFERROR(INDEX(종합!E$3:E$501,MATCH(ROW()-2,종합!$AC$3:$AC$501,0))&"","") | F8: =IFERROR(INDEX(종합!F$3:F$501,MATCH(ROW()-2,종합!$AC$3:$AC$501,0))&"","") | G8: =IFERROR(INDEX(종합!G$3:G$501,MATCH(ROW()-2,종합!$AC$3:$AC$501,0))&"","") -> 중소기업 | H8: =IFERROR(INDEX(종합!H$3:H$501,MATCH(ROW()-2,종합!$AC$3:$AC$501,0))&"","") -> 105-87-86298 | I8: =IFERROR(INDEX(종합!I$3:I$501,MATCH(ROW()-2,종합!$AC$3:$AC$501,0))&"","") -> 이춘식 | ... Z8: =IFERROR(INDEX(종합!Z$3:Z$501,MATCH(ROW()-2,종합!$AC$3:$AC$501,0))&"","") -> 010-7362-6878
A9: =IF(B9="","",ROW()-2) -> 7 | B9: =IFERROR(INDEX(종합!B$3:B$501,MATCH(ROW()-2,종합!$AC$3:$AC$501,0))&"","") -> (주)사이냅소프트 | C9: =IFERROR(INDEX(종합!C$3:C$501,MATCH(ROW()-2,종합!$AC$3:$AC$501,0))&"","") | D9: =IFERROR(INDEX(종합!D$3:D$501,MATCH(ROW()-2,종합!$AC$3:$AC$501,0))&"","") -> O | E9: =IFERROR(INDEX(종합!E$3:E$501,MATCH(ROW()-2,종합!$AC$3:$AC$501,0))&"","") -> O | F9: =IFERROR(INDEX(종합!F$3:F$501,MATCH(ROW()-2,종합!$AC$3:$AC$501,0))&"","") | G9: =IFERROR(INDEX(종합!G$3:G$501,MATCH(ROW()-2,종합!$AC$3:$AC$501,0))&"","") -> 중소기업 | H9: =IFERROR(INDEX(종합!H$3:H$501,MATCH(ROW()-2,종합!$AC$3:$AC$501,0))&"","") -> 214-86-64984 | I9: =IFERROR(INDEX(종합!I$3:I$501,MATCH(ROW()-2,종합!$AC$3:$AC$501,0))&"","") -> 전경헌 | ... Z9: =IFERROR(INDEX(종합!Z$3:Z$501,MATCH(ROW()-2,종합!$AC$3:$AC$501,0))&"","") -> 010-3012-9110
A10: =IF(B10="","",ROW()-2) -> 8 | B10: =IFERROR(INDEX(종합!B$3:B$501,MATCH(ROW()-2,종합!$AC$3:$AC$501,0))&"","") -> 주식회사 데이터누리 | C10: =IFERROR(INDEX(종합!C$3:C$501,MATCH(ROW()-2,종합!$AC$3:$AC$501,0))&"","") | D10: =IFERROR(INDEX(종합!D$3:D$501,MATCH(ROW()-2,종합!$AC$3:$AC$501,0))&"","") -> O | E10: =IFERROR(INDEX(종합!E$3:E$501,MATCH(ROW()-2,종합!$AC$3:$AC$501,0))&"","") | F10: =IFERROR(INDEX(종합!F$3:F$501,MATCH(ROW()-2,종합!$AC$3:$AC$501,0))&"","") | G10: =IFERROR(INDEX(종합!G$3:G$501,MATCH(ROW()-2,종합!$AC$3:$AC$501,0))&"","") -> 중소기업 | H10: =IFERROR(INDEX(종합!H$3:H$501,MATCH(ROW()-2,종합!$AC$3:$AC$501,0))&"","") -> 199-81-01308 | I10: =IFERROR(INDEX(종합!I$3:I$501,MATCH(ROW()-2,종합!$AC$3:$AC$501,0))&"","") -> 강태원 | ... Z10: =IFERROR(INDEX(종합!Z$3:Z$501,MATCH(ROW()-2,종합!$AC$3:$AC$501,0))&"","") -> 010-6400-5413
A11: =IF(B11="","",ROW()-2) -> 9 | B11: =IFERROR(INDEX(종합!B$3:B$501,MATCH(ROW()-2,종합!$AC$3:$AC$501,0))&"","") -> 주식회사 와탭랩스 | C11: =IFERROR(INDEX(종합!C$3:C$501,MATCH(ROW()-2,종합!$AC$3:$AC$501,0))&"","") | D11: =IFERROR(INDEX(종합!D$3:D$501,MATCH(ROW()-2,종합!$AC$3:$AC$501,0))&"","") -> O | E11: =IFERROR(INDEX(종합!E$3:E$501,MATCH(ROW()-2,종합!$AC$3:$AC$501,0))&"","") | F11: =IFERROR(INDEX(종합!F$3:F$501,MATCH(ROW()-2,종합!$AC$3:$AC$501,0))&"","") | G11: =IFERROR(INDEX(종합!G$3:G$501,MATCH(ROW()-2,종합!$AC$3:$AC$501,0))&"","") -> 중소기업 | H11: =IFERROR(INDEX(종합!H$3:H$501,MATCH(ROW()-2,종합!$AC$3:$AC$501,0))&"","") -> 851-88-00084 | I11: =IFERROR(INDEX(종합!I$3:I$501,MATCH(ROW()-2,종합!$AC$3:$AC$501,0))&"","") -> 이동인 | ... Z11: =IFERROR(INDEX(종합!Z$3:Z$501,MATCH(ROW()-2,종합!$AC$3:$AC$501,0))&"","") -> 010-3255-6480
A12: =IF(B12="","",ROW()-2) -> 10 | B12: =IFERROR(INDEX(종합!B$3:B$501,MATCH(ROW()-2,종합!$AC$3:$AC$501,0))&"","") -> 트래시스(주) | C12: =IFERROR(INDEX(종합!C$3:C$501,MATCH(ROW()-2,종합!$AC$3:$AC$501,0))&"","") | D12: =IFERROR(INDEX(종합!D$3:D$501,MATCH(ROW()-2,종합!$AC$3:$AC$501,0))&"","") -> O | E12: =IFERROR(INDEX(종합!E$3:E$501,MATCH(ROW()-2,종합!$AC$3:$AC$501,0))&"","") | F12: =IFERROR(INDEX(종합!F$3:F$501,MATCH(ROW()-2,종합!$AC$3:$AC$501,0))&"","") | G12: =IFERROR(INDEX(종합!G$3:G$501,MATCH(ROW()-2,종합!$AC$3:$AC$501,0))&"","") -> 중소기업 | H12: =IFERROR(INDEX(종합!H$3:H$501,MATCH(ROW()-2,종합!$AC$3:$AC$501,0))&"","") -> 538-88-01948 | I12: =IFERROR(INDEX(종합!I$3:I$501,MATCH(ROW()-2,종합!$AC$3:$AC$501,0))&"","") -> 양국승 | ... Z12: =IFERROR(INDEX(종합!Z$3:Z$501,MATCH(ROW()-2,종합!$AC$3:$AC$501,0))&"","") -> 010-9942-9247
A13: =IF(B13="","",ROW()-2) -> 11 | B13: =IFERROR(INDEX(종합!B$3:B$501,MATCH(ROW()-2,종합!$AC$3:$AC$501,0))&"","") -> 주식회사 케파스 | C13: =IFERROR(INDEX(종합!C$3:C$501,MATCH(ROW()-2,종합!$AC$3:$AC$501,0))&"","") | D13: =IFERROR(INDEX(종합!D$3:D$501,MATCH(ROW()-2,종합!$AC$3:$AC$501,0))&"","") -> O | E13: =IFERROR(INDEX(종합!E$3:E$501,MATCH(ROW()-2,종합!$AC$3:$AC$501,0))&"","") | F13: =IFERROR(INDEX(종합!F$3:F$501,MATCH(ROW()-2,종합!$AC$3:$AC$501,0))&"","") | G13: =IFERROR(INDEX(종합!G$3:G$501,MATCH(ROW()-2,종합!$AC$3:$AC$501,0))&"","") -> 중소기업 | H13: =IFERROR(INDEX(종합!H$3:H$501,MATCH(ROW()-2,종합!$AC$3:$AC$501,0))&"","") -> 105-87-39024 | I13: =IFERROR(INDEX(종합!I$3:I$501,MATCH(ROW()-2,종합!$AC$3:$AC$501,0))&"","") -> 주성돈 | ... Z13: =IFERROR(INDEX(종합!Z$3:Z$501,MATCH(ROW()-2,종합!$AC$3:$AC$501,0))&"","") -> 010-2439-2727
A14: =IF(B14="","",ROW()-2) -> 12 | B14: =IFERROR(INDEX(종합!B$3:B$501,MATCH(ROW()-2,종합!$AC$3:$AC$501,0))&"","") -> 주식회사 랭코드 | C14: =IFERROR(INDEX(종합!C$3:C$501,MATCH(ROW()-2,종합!$AC$3:$AC$501,0))&"","") | D14: =IFERROR(INDEX(종합!D$3:D$501,MATCH(ROW()-2,종합!$AC$3:$AC$501,0))&"","") -> O | E14: =IFERROR(INDEX(종합!E$3:E$501,MATCH(ROW()-2,종합!$AC$3:$AC$501,0))&"","") | F14: =IFERROR(INDEX(종합!F$3:F$501,MATCH(ROW()-2,종합!$AC$3:$AC$501,0))&"","") | G14: =IFERROR(INDEX(종합!G$3:G$501,MATCH(ROW()-2,종합!$AC$3:$AC$501,0))&"","") -> 중소기업 | H14: =IFERROR(INDEX(종합!H$3:H$501,MATCH(ROW()-2,종합!$AC$3:$AC$501,0))&"","") -> 567-81-01670 | I14: =IFERROR(INDEX(종합!I$3:I$501,MATCH(ROW()-2,종합!$AC$3:$AC$501,0))&"","") -> 김민준 | ... Z14: =IFERROR(INDEX(종합!Z$3:Z$501,MATCH(ROW()-2,종합!$AC$3:$AC$501,0))&"","") -> 010-9555-3581
... A452: =IF(B452="","",ROW()-2) | B452: =IFERROR(INDEX(종합!B$3:B$501,MATCH(ROW()-2,종합!$AC$3:$AC$501,0))&"","") | C452: =IFERROR(INDEX(종합!C$3:C$501,MATCH(ROW()-2,종합!$AC$3:$AC$501,0))&"","") | D452: =IFERROR(INDEX(종합!D$3:D$501,MATCH(ROW()-2,종합!$AC$3:$AC$501,0))&"","") | E452: =IFERROR(INDEX(종합!E$3:E$501,MATCH(ROW()-2,종합!$AC$3:$AC$501,0))&"","") | F452: =IFERROR(INDEX(종합!F$3:F$501,MATCH(ROW()-2,종합!$AC$3:$AC$501,0))&"","") | G452: =IFERROR(INDEX(종합!G$3:G$501,MATCH(ROW()-2,종합!$AC$3:$AC$501,0))&"","") | H452: =IFERROR(INDEX(종합!H$3:H$501,MATCH(ROW()-2,종합!$AC$3:$AC$501,0))&"","") | I452: =IFERROR(INDEX(종합!I$3:I$501,MATCH(ROW()-2,종합!$AC$3:$AC$501,0))&"","") | ... Z452: =IFERROR(INDEX(종합!Z$3:Z$501,MATCH(ROW()-2,종합!$AC$3:$AC$501,0))&"","")

Sheet 생태계분과
A1: 기업(기관) 정보 | O1: 활동 임원 | U1: 활동 실무
A2: No | B2: 회사(기관, 대학)명 | C2: 기술 | D2: 산업 | E2: 생태계 | F2: 안전·신뢰 | G2: 기업유형 | H2: 사업자등록번호 | I2: 대표자 | J2: 대표전화 | K2: 홈페이지 | L2: 이메일 주소 | M2: 주소 | N2: AI 전문 분야 및 보유기술·서비스(솔루션) | O2: 성명 | P2: 부서 | Q2: 직위/직책 | R2: 전화번호 | S2: 이메일 | T2: 휴대전화 번호 | U2: 성명 2 | V2: 부서 2 | W2: 직위/직책 2 | X2: 전화번호 2 | Y2: 이메일 2 | Z2: 휴대전화 번호 2 | AA2: 비고
A3: =IF(B3="","",ROW()-2) -> 1 | B3: =IFERROR(INDEX(종합!B$3:B$501,MATCH(ROW()-2,종합!$AD$3:$AD$501,0))&"","") -> (주)사이냅소프트 | C3: =IFERROR(INDEX(종합!C$3:C$501,MATCH(ROW()-2,종합!$AD$3:$AD$501,0))&"","") | D3: =IFERROR(INDEX(종합!D$3:D$501,MATCH(ROW()-2,종합!$AD$3:$AD$501,0))&"","") -> O | E3: =IFERROR(INDEX(종합!E$3:E$501,MATCH(ROW()-2,종합!$AD$3:$AD$501,0))&"","") -> O | F3: =IFERROR(INDEX(종합!F$3:F$501,MATCH(ROW()-2,종합!$AD$3:$AD$501,0))&"","") | G3: =IFERROR(INDEX(종합!G$3:G$501,MATCH(ROW()-2,종합!$AD$3:$AD$501,0))&"","") -> 중소기업 | H3: =IFERROR(INDEX(종합!H$3:H$501,MATCH(ROW()-2,종합!$AD$3:$AD$501,0))&"","") -> 214-86-64984 | I3: =IFERROR(INDEX(종합!I$3:I$501,MATCH(ROW()-2,종합!$AD$3:$AD$501,0))&"","") -> 전경헌 | ... AA3: =IFERROR(INDEX(종합!AA$3:AA$501,MATCH(ROW()-2,종합!$AD$3:$AD$501,0))&"","")
A4: =IF(B4="","",ROW()-2) -> 2 | B4: =IFERROR(INDEX(종합!B$3:B$501,MATCH(ROW()-2,종합!$AD$3:$AD$501,0))&"","") -> 앵글컴퍼니 주식회사 | C4: =IFERROR(INDEX(종합!C$3:C$501,MATCH(ROW()-2,종합!$AD$3:$AD$501,0))&"","") -> O | D4: =IFERROR(INDEX(종합!D$3:D$501,MATCH(ROW()-2,종합!$AD$3:$AD$501,0))&"","") -> O | E4: =IFERROR(INDEX(종합!E$3:E$501,MATCH(ROW()-2,종합!$AD$3:$AD$501,0))&"","") -> O | F4: =IFERROR(INDEX(종합!F$3:F$501,MATCH(ROW()-2,종합!$AD$3:$AD$501,0))&"","") | G4: =IFERROR(INDEX(종합!G$3:G$501,MATCH(ROW()-2,종합!$AD$3:$AD$501,0))&"","") -> 중소기업 | H4: =IFERROR(INDEX(종합!H$3:H$501,MATCH(ROW()-2,종합!$AD$3:$AD$501,0))&"","") -> 172-88-02621 | I4: =IFERROR(INDEX(종합!I$3:I$501,MATCH(ROW()-2,종합!$AD$3:$AD$501,0))&"","") -> 박재범 | ... AA4: =IFERROR(INDEX(종합!AA$3:AA$501,MATCH(ROW()-2,종합!$AD$3:$AD$501,0))&"","")
A5: =IF(B5="","",ROW()-2) -> 3 | B5: =IFERROR(INDEX(종합!B$3:B$501,MATCH(ROW()-2,종합!$AD$3:$AD$501,0))&"","") -> (주)필라테크 | C5: =IFERROR(INDEX(종합!C$3:C$501,MATCH(ROW()-2,종합!$AD$3:$AD$501,0))&"","") | D5: =IFERROR(INDEX(종합!D$3:D$501,MATCH(ROW()-2,종합!$AD$3:$AD$501,0))&"","") -> O | E5: =IFERROR(INDEX(종합!E$3:E$501,MATCH(ROW()-2,종합!$AD$3:$AD$501,0))&"","") -> O | F5: =IFERROR(INDEX(종합!F$3:F$501,MATCH(ROW()-2,종합!$AD$3:$AD$501,0))&"","") | G5: =IFERROR(INDEX(종합!G$3:G$501,MATCH(ROW()-2,종합!$AD$3:$AD$501,0))&"","") -> 중소기업 | H5: =IFERROR(INDEX(종합!H$3:H$501,MATCH(ROW()-2,종합!$AD$3:$AD$501,0))&"","") -> 211-87-13620 | I5: =IFERROR(INDEX(종합!I$3:I$501,MATCH(ROW()-2,종합!$AD$3:$AD$501,0))&"","") -> 박동현 | ... AA5: =IFERROR(INDEX(종합!AA$3:AA$501,MATCH(ROW()-2,종합!$AD$3:$AD$501,0))&"","")
A6: =IF(B6="","",ROW()-2) -> 4 | B6: =IFERROR(INDEX(종합!B$3:B$501,MATCH(ROW()-2,종합!$AD$3:$AD$501,0))&"","") -> 주식회사 아이들 | C6: =IFERROR(INDEX(종합!C$3:C$501,MATCH(ROW()-2,종합!$AD$3:$AD$501,0))&"","") | D6: =IFERROR(INDEX(종합!D$3:D$501,MATCH(ROW()-2,종합!$AD$3:$AD$501,0))&"","") -> O | E6: =IFERROR(INDEX(종합!E$3:E$501,MATCH(ROW()-2,종합!$AD$3:$AD$501,0))&"","") -> O | F6: =IFERROR(INDEX(종합!F$3:F$501,MATCH(ROW()-2,종합!$AD$3:$AD$501,0))&"","") | G6: =IFERROR(INDEX(종합!G$3:G$501,MATCH(ROW()-2,종합!$AD$3:$AD$501,0))&"","") -> 중소기업 | H6: =IFERROR(INDEX(종합!H$3:H$501,MATCH(ROW()-2,종합!$AD$3:$AD$501,0))&"","") -> 820-81-02056 | I6: =IFERROR(INDEX(종합!I$3:I$501,MATCH(ROW()-2,종합!$AD$3:$AD$501,0))&"","") -> 허명구 | ... AA6: =IFERROR(INDEX(종합!AA$3:AA$501,MATCH(ROW()-2,종합!$AD$3:$AD$501,0))&"","")
A7: =IF(B7="","",ROW()-2) -> 5 | B7: =IFERROR(INDEX(종합!B$3:B$501,MATCH(ROW()-2,종합!$AD$3:$AD$501,0))&"","") -> 사단법인 한국디지털인증협회 | C7: =IFERROR(INDEX(종합!C$3:C$501,MATCH(ROW()-2,종합!$AD$3:$AD$501,0))&"","") | D7: =IFERROR(INDEX(종합!D$3:D$501,MATCH(ROW()-2,종합!$AD$3:$AD$501,0))&"","") -> O | E7: =IFERROR(INDEX(종합!E$3:E$501,MATCH(ROW()-2,종합!$AD$3:$AD$501,0))&"","") -> O | F7: =IFERROR(INDEX(종합!F$3:F$501,MATCH(ROW()-2,종합!$AD$3:$AD$501,0))&"","") | G7: =IFERROR(INDEX(종합!G$3:G$501,MATCH(ROW()-2,종합!$AD$3:$AD$501,0))&"","") -> 협회·단체 | H7: =IFERROR(INDEX(종합!H$3:H$501,MATCH(ROW()-2,종합!$AD$3:$AD$501,0))&"","") -> 894-82-00089 | I7: =IFERROR(INDEX(종합!I$3:I$501,MATCH(ROW()-2,종합!$AD$3:$AD$501,0))&"","") -> 이기혁 | ... AA7: =IFERROR(INDEX(종합!AA$3:AA$501,MATCH(ROW()-2,종합!$AD$3:$AD$501,0))&"","")
A8: =IF(B8="","",ROW()-2) -> 6 | B8: =IFERROR(INDEX(종합!B$3:B$501,MATCH(ROW()-2,종합!$AD$3:$AD$501,0))&"","") -> 주식회사 시넥스 | C8: =IFERROR(INDEX(종합!C$3:C$501,MATCH(ROW()-2,종합!$AD$3:$AD$501,0))&"","") -> O | D8: =IFERROR(INDEX(종합!D$3:D$501,MATCH(ROW()-2,종합!$AD$3:$AD$501,0))&"","") -> O | E8: =IFERROR(INDEX(종합!E$3:E$501,MATCH(ROW()-2,종합!$AD$3:$AD$501,0))&"","") -> O | F8: =IFERROR(INDEX(종합!F$3:F$501,MATCH(ROW()-2,종합!$AD$3:$AD$501,0))&"","") | G8: =IFERROR(INDEX(종합!G$3:G$501,MATCH(ROW()-2,종합!$AD$3:$AD$501,0))&"","") -> 중소기업 | H8: =IFERROR(INDEX(종합!H$3:H$501,MATCH(ROW()-2,종합!$AD$3:$AD$501,0))&"","") -> 744-87-03807 | I8: =IFERROR(INDEX(종합!I$3:I$501,MATCH(ROW()-2,종합!$AD$3:$AD$501,0))&"","") -> 이대은 | ... AA8: =IFERROR(INDEX(종합!AA$3:AA$501,MATCH(ROW()-2,종합!$AD$3:$AD$501,0))&"","")
A9: =IF(B9="","",ROW()-2) -> 7 | B9: =IFERROR(INDEX(종합!B$3:B$501,MATCH(ROW()-2,종합!$AD$3:$AD$501,0))&"","") -> (주) 에이아이웍스 | C9: =IFERROR(INDEX(종합!C$3:C$501,MATCH(ROW()-2,종합!$AD$3:$AD$501,0))&"","") -> O | D9: =IFERROR(INDEX(종합!D$3:D$501,MATCH(ROW()-2,종합!$AD$3:$AD$501,0))&"","") -> O | E9: =IFERROR(INDEX(종합!E$3:E$501,MATCH(ROW()-2,종합!$AD$3:$AD$501,0))&"","") -> O | F9: =IFERROR(INDEX(종합!F$3:F$501,MATCH(ROW()-2,종합!$AD$3:$AD$501,0))&"","") -> O | G9: =IFERROR(INDEX(종합!G$3:G$501,MATCH(ROW()-2,종합!$AD$3:$AD$501,0))&"","") -> 중소기업 | H9: =IFERROR(INDEX(종합!H$3:H$501,MATCH(ROW()-2,종합!$AD$3:$AD$501,0))&"","") -> 517-88-00087 | I9: =IFERROR(INDEX(종합!I$3:I$501,MATCH(ROW()-2,종합!$AD$3:$AD$501,0))&"","") -> 윤석원 | ... AA9: =IFERROR(INDEX(종합!AA$3:AA$501,MATCH(ROW()-2,종합!$AD$3:$AD$501,0))&"","")
A10: =IF(B10="","",ROW()-2) -> 8 | B10: =IFERROR(INDEX(종합!B$3:B$501,MATCH(ROW()-2,종합!$AD$3:$AD$501,0))&"","") -> 알서포트 주식회사 | C10: =IFERROR(INDEX(종합!C$3:C$501,MATCH(ROW()-2,종합!$AD$3:$AD$501,0))&"","") -> O | D10: =IFERROR(INDEX(종합!D$3:D$501,MATCH(ROW()-2,종합!$AD$3:$AD$501,0))&"","") -> O | E10: =IFERROR(INDEX(종합!E$3:E$501,MATCH(ROW()-2,종합!$AD$3:$AD$501,0))&"","") -> O | F10: =IFERROR(INDEX(종합!F$3:F$501,MATCH(ROW()-2,종합!$AD$3:$AD$501,0))&"","") -> O | G10: =IFERROR(INDEX(종합!G$3:G$501,MATCH(ROW()-2,종합!$AD$3:$AD$501,0))&"","") -> 중소기업 | H10: =IFERROR(INDEX(종합!H$3:H$501,MATCH(ROW()-2,종합!$AD$3:$AD$501,0))&"","") -> 114-86-82265 | I10: =IFERROR(INDEX(종합!I$3:I$501,MATCH(ROW()-2,종합!$AD$3:$AD$501,0))&"","") -> 서형수 | ... AA10: =IFERROR(INDEX(종합!AA$3:AA$501,MATCH(ROW()-2,종합!$AD$3:$AD$501,0))&"","")
A11: =IF(B11="","",ROW()-2) -> 9 | B11: =IFERROR(INDEX(종합!B$3:B$501,MATCH(ROW()-2,종합!$AD$3:$AD$501,0))&"","") -> 디밀리언 | C11: =IFERROR(INDEX(종합!C$3:C$501,MATCH(ROW()-2,종합!$AD$3:$AD$501,0))&"","") -> O | D11: =IFERROR(INDEX(종합!D$3:D$501,MATCH(ROW()-2,종합!$AD$3:$AD$501,0))&"","") -> O | E11: =IFERROR(INDEX(종합!E$3:E$501,MATCH(ROW()-2,종합!$AD$3:$AD$501,0))&"","") -> O | F11: =IFERROR(INDEX(종합!F$3:F$501,MATCH(ROW()-2,종합!$AD$3:$AD$501,0))&"","") | G11: =IFERROR(INDEX(종합!G$3:G$501,MATCH(ROW()-2,종합!$AD$3:$AD$501,0))&"","") -> 중소기업 | H11: =IFERROR(INDEX(종합!H$3:H$501,MATCH(ROW()-2,종합!$AD$3:$AD$501,0))&"","") -> 704-87-02815 | I11: =IFERROR(INDEX(종합!I$3:I$501,MATCH(ROW()-2,종합!$AD$3:$AD$501,0))&"","") -> 한요한 | ... AA11: =IFERROR(INDEX(종합!AA$3:AA$501,MATCH(ROW()-2,종합!$AD$3:$AD$501,0))&"","")
A12: =IF(B12="","",ROW()-2) -> 10 | B12: =IFERROR(INDEX(종합!B$3:B$501,MATCH(ROW()-2,종합!$AD$3:$AD$501,0))&"","") -> (주)브로드웨이브 | C12: =IFERROR(INDEX(종합!C$3:C$501,MATCH(ROW()-2,종합!$AD$3:$AD$501,0))&"","") -> O | D12: =IFERROR(INDEX(종합!D$3:D$501,MATCH(ROW()-2,종합!$AD$3:$AD$501,0))&"","") -> O | E12: =IFERROR(INDEX(종합!E$3:E$501,MATCH(ROW()-2,종합!$AD$3:$AD$501,0))&"","") -> O | F12: =IFERROR(INDEX(종합!F$3:F$501,MATCH(ROW()-2,종합!$AD$3:$AD$501,0))&"","") | G12: =IFERROR(INDEX(종합!G$3:G$501,MATCH(ROW()-2,종합!$AD$3:$AD$501,0))&"","") -> 중소기업 | H12: =IFERROR(INDEX(종합!H$3:H$501,MATCH(ROW()-2,종합!$AD$3:$AD$501,0))&"","") -> 105-86-66766 | I12: =IFERROR(INDEX(종합!I$3:I$501,MATCH(ROW()-2,종합!$AD$3:$AD$501,0))&"","") -> 이태진 | ... AA12: =IFERROR(INDEX(종합!AA$3:AA$501,MATCH(ROW()-2,종합!$AD$3:$AD$501,0))&"","")
A13: =IF(B13="","",ROW()-2) -> 11 | B13: =IFERROR(INDEX(종합!B$3:B$501,MATCH(ROW()-2,종합!$AD$3:$AD$501,0))&"","") -> (주)나라지식정보 | C13: =IFERROR(INDEX(종합!C$3:C$501,MATCH(ROW()-2,종합!$AD$3:$AD$501,0))&"","") -> O | D13: =IFERROR(INDEX(종합!D$3:D$501,MATCH(ROW()-2,종합!$AD$3:$AD$501,0))&"","") | E13: =IFERROR(INDEX(종합!E$3:E$501,MATCH(ROW()-2,종합!$AD$3:$AD$501,0))&"","") -> O | F13: =IFERROR(INDEX(종합!F$3:F$501,MATCH(ROW()-2,종합!$AD$3:$AD$501,0))&"","") -> O | G13: =IFERROR(INDEX(종합!G$3:G$501,MATCH(ROW()-2,종합!$AD$3:$AD$501,0))&"","") -> 중소기업 | H13: =IFERROR(INDEX(종합!H$3:H$501,MATCH(ROW()-2,종합!$AD$3:$AD$501,0))&"","") -> 105-87-16808 | I13: =IFERROR(INDEX(종합!I$3:I$501,MATCH(ROW()-2,종합!$AD$3:$AD$501,0))&"","") -> 손영호 | ... AA13: =IFERROR(INDEX(종합!AA$3:AA$501,MATCH(ROW()-2,종합!$AD$3:$AD$501,0))&"","")
A14: =IF(B14="","",ROW()-2) -> 12 | B14: =IFERROR(INDEX(종합!B$3:B$501,MATCH(ROW()-2,종합!$AD$3:$AD$501,0))&"","") -> (주)시옷 | C14: =IFERROR(INDEX(종합!C$3:C$501,MATCH(ROW()-2,종합!$AD$3:$AD$501,0))&"","") -> O | D14: =IFERROR(INDEX(종합!D$3:D$501,MATCH(ROW()-2,종합!$AD$3:$AD$501,0))&"","") -> O | E14: =IFERROR(INDEX(종합!E$3:E$501,MATCH(ROW()-2,종합!$AD$3:$AD$501,0))&"","") -> O | F14: =IFERROR(INDEX(종합!F$3:F$501,MATCH(ROW()-2,종합!$AD$3:$AD$501,0))&"","") | G14: =IFERROR(INDEX(종합!G$3:G$501,MATCH(ROW()-2,종합!$AD$3:$AD$501,0))&"","") -> 중소기업 | H14: =IFERROR(INDEX(종합!H$3:H$501,MATCH(ROW()-2,종합!$AD$3:$AD$501,0))&"","") -> 264-81-47817 | I14: =IFERROR(INDEX(종합!I$3:I$501,MATCH(ROW()-2,종합!$AD$3:$AD$501,0))&"","") -> 박현주 | ... AA14: =IFERROR(INDEX(종합!AA$3:AA$501,MATCH(ROW()-2,종합!$AD$3:$AD$501,0))&"","")
... A452: =IF(B452="","",ROW()-2) | B452: =IFERROR(INDEX(종합!B$3:B$501,MATCH(ROW()-2,종합!$AD$3:$AD$501,0))&"","") | C452: =IFERROR(INDEX(종합!C$3:C$501,MATCH(ROW()-2,종합!$AD$3:$AD$501,0))&"","") | D452: =IFERROR(INDEX(종합!D$3:D$501,MATCH(ROW()-2,종합!$AD$3:$AD$501,0))&"","") | E452: =IFERROR(INDEX(종합!E$3:E$501,MATCH(ROW()-2,종합!$AD$3:$AD$501,0))&"","") | F452: =IFERROR(INDEX(종합!F$3:F$501,MATCH(ROW()-2,종합!$AD$3:$AD$501,0))&"","") | G452: =IFERROR(INDEX(종합!G$3:G$501,MATCH(ROW()-2,종합!$AD$3:$AD$501,0))&"","") | H452: =IFERROR(INDEX(종합!H$3:H$501,MATCH(ROW()-2,종합!$AD$3:$AD$501,0))&"","") | I452: =IFERROR(INDEX(종합!I$3:I$501,MATCH(ROW()-2,종합!$AD$3:$AD$501,0))&"","") | ... AA452: =IFERROR(INDEX(종합!AA$3:AA$501,MATCH(ROW()-2,종합!$AD$3:$AD$501,0))&"","")

Sheet 안전신뢰분과
A1: 기업(기관) 정보 | O1: 활동 임원 | U1: 활동 실무
A2: No | B2: 회사(기관, 대학)명 | C2: 기술 | D2: 산업 | E2: 생태계 | F2: 안전·신뢰 | G2: 기업유형 | H2: 사업자등록번호 | I2: 대표자 | J2: 대표전화 | K2: 홈페이지 | L2: 이메일 주소 | M2: 주소 | N2: AI 전문 분야 및 보유기술·서비스(솔루션) | O2: 성명 | P2: 부서 | Q2: 직위/직책 | R2: 전화번호 | S2: 이메일 | T2: 휴대전화 번호 | U2: 성명 2 | V2: 부서 2 | W2: 직위/직책 2 | X2: 전화번호 2 | Y2: 이메일 2 | Z2: 휴대전화 번호 2
A3: =IF(B3="","",ROW()-2) -> 1 | B3: =IFERROR(INDEX(종합!B$3:B$501,MATCH(ROW()-2,종합!$AE$3:$AE$501,0))&"","") -> (주) 에이아이웍스 | C3: =IFERROR(INDEX(종합!C$3:C$501,MATCH(ROW()-2,종합!$AE$3:$AE$501,0))&"","") -> O | D3: =IFERROR(INDEX(종합!D$3:D$501,MATCH(ROW()-2,종합!$AE$3:$AE$501,0))&"","") -> O | E3: =IFERROR(INDEX(종합!E$3:E$501,MATCH(ROW()-2,종합!$AE$3:$AE$501,0))&"","") -> O | F3: =IFERROR(INDEX(종합!F$3:F$501,MATCH(ROW()-2,종합!$AE$3:$AE$501,0))&"","") -> O | G3: =IFERROR(INDEX(종합!G$3:G$501,MATCH(ROW()-2,종합!$AE$3:$AE$501,0))&"","") -> 중소기업 | H3: =IFERROR(INDEX(종합!H$3:H$501,MATCH(ROW()-2,종합!$AE$3:$AE$501,0))&"","") -> 517-88-00087 | I3: =IFERROR(INDEX(종합!I$3:I$501,MATCH(ROW()-2,종합!$AE$3:$AE$501,0))&"","") -> 윤석원 | ... Z3: =IFERROR(INDEX(종합!Z$3:Z$501,MATCH(ROW()-2,종합!$AE$3:$AE$501,0))&"","") -> 010-4720-7721
A4: =IF(B4="","",ROW()-2) -> 2 | B4: =IFERROR(INDEX(종합!B$3:B$501,MATCH(ROW()-2,종합!$AE$3:$AE$501,0))&"","") -> 알서포트 주식회사 | C4: =IFERROR(INDEX(종합!C$3:C$501,MATCH(ROW()-2,종합!$AE$3:$AE$501,0))&"","") -> O | D4: =IFERROR(INDEX(종합!D$3:D$501,MATCH(ROW()-2,종합!$AE$3:$AE$501,0))&"","") -> O | E4: =IFERROR(INDEX(종합!E$3:E$501,MATCH(ROW()-2,종합!$AE$3:$AE$501,0))&"","") -> O | F4: =IFERROR(INDEX(종합!F$3:F$501,MATCH(ROW()-2,종합!$AE$3:$AE$501,0))&"","") -> O | G4: =IFERROR(INDEX(종합!G$3:G$501,MATCH(ROW()-2,종합!$AE$3:$AE$501,0))&"","") -> 중소기업 | H4: =IFERROR(INDEX(종합!H$3:H$501,MATCH(ROW()-2,종합!$AE$3:$AE$501,0))&"","") -> 114-86-82265 | I4: =IFERROR(INDEX(종합!I$3:I$501,MATCH(ROW()-2,종합!$AE$3:$AE$501,0))&"","") -> 서형수 | ... Z4: =IFERROR(INDEX(종합!Z$3:Z$501,MATCH(ROW()-2,종합!$AE$3:$AE$501,0))&"","") -> 010-4142-1220
A5: =IF(B5="","",ROW()-2) -> 3 | B5: =IFERROR(INDEX(종합!B$3:B$501,MATCH(ROW()-2,종합!$AE$3:$AE$501,0))&"","") -> (주)나라지식정보 | C5: =IFERROR(INDEX(종합!C$3:C$501,MATCH(ROW()-2,종합!$AE$3:$AE$501,0))&"","") -> O | D5: =IFERROR(INDEX(종합!D$3:D$501,MATCH(ROW()-2,종합!$AE$3:$AE$501,0))&"","") | E5: =IFERROR(INDEX(종합!E$3:E$501,MATCH(ROW()-2,종합!$AE$3:$AE$501,0))&"","") -> O | F5: =IFERROR(INDEX(종합!F$3:F$501,MATCH(ROW()-2,종합!$AE$3:$AE$501,0))&"","") -> O | G5: =IFERROR(INDEX(종합!G$3:G$501,MATCH(ROW()-2,종합!$AE$3:$AE$501,0))&"","") -> 중소기업 | H5: =IFERROR(INDEX(종합!H$3:H$501,MATCH(ROW()-2,종합!$AE$3:$AE$501,0))&"","") -> 105-87-16808 | I5: =IFERROR(INDEX(종합!I$3:I$501,MATCH(ROW()-2,종합!$AE$3:$AE$501,0))&"","") -> 손영호 | ... Z5: =IFERROR(INDEX(종합!Z$3:Z$501,MATCH(ROW()-2,종합!$AE$3:$AE$501,0))&"","") -> 010-6289-5425
A6: =IF(B6="","",ROW()-2) -> 4 | B6: =IFERROR(INDEX(종합!B$3:B$501,MATCH(ROW()-2,종합!$AE$3:$AE$501,0))&"","") -> 클로아이(주) | C6: =IFERROR(INDEX(종합!C$3:C$501,MATCH(ROW()-2,종합!$AE$3:$AE$501,0))&"","") -> O | D6: =IFERROR(INDEX(종합!D$3:D$501,MATCH(ROW()-2,종합!$AE$3:$AE$501,0))&"","") -> O | E6: =IFERROR(INDEX(종합!E$3:E$501,MATCH(ROW()-2,종합!$AE$3:$AE$501,0))&"","") -> O | F6: =IFERROR(INDEX(종합!F$3:F$501,MATCH(ROW()-2,종합!$AE$3:$AE$501,0))&"","") -> O | G6: =IFERROR(INDEX(종합!G$3:G$501,MATCH(ROW()-2,종합!$AE$3:$AE$501,0))&"","") -> 중소기업 | H6: =IFERROR(INDEX(종합!H$3:H$501,MATCH(ROW()-2,종합!$AE$3:$AE$501,0))&"","") -> 519-88-02650 | I6: =IFERROR(INDEX(종합!I$3:I$501,MATCH(ROW()-2,종합!$AE$3:$AE$501,0))&"","") -> 김성룡 | ... Z6: =IFERROR(INDEX(종합!Z$3:Z$501,MATCH(ROW()-2,종합!$AE$3:$AE$501,0))&"","") -> 010-7338-9133
A7: =IF(B7="","",ROW()-2) -> 5 | B7: =IFERROR(INDEX(종합!B$3:B$501,MATCH(ROW()-2,종합!$AE$3:$AE$501,0))&"","") -> (주)한국키네티코엔지니어링 | C7: =IFERROR(INDEX(종합!C$3:C$501,MATCH(ROW()-2,종합!$AE$3:$AE$501,0))&"","") -> O | D7: =IFERROR(INDEX(종합!D$3:D$501,MATCH(ROW()-2,종합!$AE$3:$AE$501,0))&"","") -> O | E7: =IFERROR(INDEX(종합!E$3:E$501,MATCH(ROW()-2,종합!$AE$3:$AE$501,0))&"","") -> O | F7: =IFERROR(INDEX(종합!F$3:F$501,MATCH(ROW()-2,종합!$AE$3:$AE$501,0))&"","") -> O | G7: =IFERROR(INDEX(종합!G$3:G$501,MATCH(ROW()-2,종합!$AE$3:$AE$501,0))&"","") -> 중소기업 | H7: =IFERROR(INDEX(종합!H$3:H$501,MATCH(ROW()-2,종합!$AE$3:$AE$501,0))&"","") -> 501-81-18337 | I7: =IFERROR(INDEX(종합!I$3:I$501,MATCH(ROW()-2,종합!$AE$3:$AE$501,0))&"","") -> 오재완 | ... Z7: =IFERROR(INDEX(종합!Z$3:Z$501,MATCH(ROW()-2,종합!$AE$3:$AE$501,0))&"","") -> 010-8780-1771
A8: =IF(B8="","",ROW()-2) -> 6 | B8: =IFERROR(INDEX(종합!B$3:B$501,MATCH(ROW()-2,종합!$AE$3:$AE$501,0))&"","") -> 펜타시스템테크놀러지(주) | C8: =IFERROR(INDEX(종합!C$3:C$501,MATCH(ROW()-2,종합!$AE$3:$AE$501,0))&"","") -> O | D8: =IFERROR(INDEX(종합!D$3:D$501,MATCH(ROW()-2,종합!$AE$3:$AE$501,0))&"","") -> O | E8: =IFERROR(INDEX(종합!E$3:E$501,MATCH(ROW()-2,종합!$AE$3:$AE$501,0))&"","") -> O | F8: =IFERROR(INDEX(종합!F$3:F$501,MATCH(ROW()-2,종합!$AE$3:$AE$501,0))&"","") -> O | G8: =IFERROR(INDEX(종합!G$3:G$501,MATCH(ROW()-2,종합!$AE$3:$AE$501,0))&"","") -> 중견기업 | H8: =IFERROR(INDEX(종합!H$3:H$501,MATCH(ROW()-2,종합!$AE$3:$AE$501,0))&"","") -> 116-81-35346 | I8: =IFERROR(INDEX(종합!I$3:I$501,MATCH(ROW()-2,종합!$AE$3:$AE$501,0))&"","") -> 장종준 | ... Z8: =IFERROR(INDEX(종합!Z$3:Z$501,MATCH(ROW()-2,종합!$AE$3:$AE$501,0))&"","") -> 010-3264-5708
A9: =IF(B9="","",ROW()-2) -> 7 | B9: =IFERROR(INDEX(종합!B$3:B$501,MATCH(ROW()-2,종합!$AE$3:$AE$501,0))&"","") -> (주)코난테크놀로지 | C9: =IFERROR(INDEX(종합!C$3:C$501,MATCH(ROW()-2,종합!$AE$3:$AE$501,0))&"","") -> O | D9: =IFERROR(INDEX(종합!D$3:D$501,MATCH(ROW()-2,종합!$AE$3:$AE$501,0))&"","") -> O | E9: =IFERROR(INDEX(종합!E$3:E$501,MATCH(ROW()-2,종합!$AE$3:$AE$501,0))&"","") | F9: =IFERROR(INDEX(종합!F$3:F$501,MATCH(ROW()-2,종합!$AE$3:$AE$501,0))&"","") -> O | G9: =IFERROR(INDEX(종합!G$3:G$501,MATCH(ROW()-2,종합!$AE$3:$AE$501,0))&"","") -> 중소기업 | H9: =IFERROR(INDEX(종합!H$3:H$501,MATCH(ROW()-2,종합!$AE$3:$AE$501,0))&"","") -> 229-81-37316 | I9: =IFERROR(INDEX(종합!I$3:I$501,MATCH(ROW()-2,종합!$AE$3:$AE$501,0))&"","") -> 김영섬 | ... Z9: =IFERROR(INDEX(종합!Z$3:Z$501,MATCH(ROW()-2,종합!$AE$3:$AE$501,0))&"","") -> 010-8630-9677
A10: =IF(B10="","",ROW()-2) -> 8 | B10: =IFERROR(INDEX(종합!B$3:B$501,MATCH(ROW()-2,종합!$AE$3:$AE$501,0))&"","") -> (주)페르소나에이아이 | C10: =IFERROR(INDEX(종합!C$3:C$501,MATCH(ROW()-2,종합!$AE$3:$AE$501,0))&"","") | D10: =IFERROR(INDEX(종합!D$3:D$501,MATCH(ROW()-2,종합!$AE$3:$AE$501,0))&"","") | E10: =IFERROR(INDEX(종합!E$3:E$501,MATCH(ROW()-2,종합!$AE$3:$AE$501,0))&"","") | F10: =IFERROR(INDEX(종합!F$3:F$501,MATCH(ROW()-2,종합!$AE$3:$AE$501,0))&"","") -> O | G10: =IFERROR(INDEX(종합!G$3:G$501,MATCH(ROW()-2,종합!$AE$3:$AE$501,0))&"","") -> 중소기업 | H10: =IFERROR(INDEX(종합!H$3:H$501,MATCH(ROW()-2,종합!$AE$3:$AE$501,0))&"","") -> 696-86-00654 | I10: =IFERROR(INDEX(종합!I$3:I$501,MATCH(ROW()-2,종합!$AE$3:$AE$501,0))&"","") -> 유승재 | ... Z10: =IFERROR(INDEX(종합!Z$3:Z$501,MATCH(ROW()-2,종합!$AE$3:$AE$501,0))&"","") -> 010-5360-3630
A11: =IF(B11="","",ROW()-2) -> 9 | B11: =IFERROR(INDEX(종합!B$3:B$501,MATCH(ROW()-2,종합!$AE$3:$AE$501,0))&"","") -> 동의대학교 산학협력단 | C11: =IFERROR(INDEX(종합!C$3:C$501,MATCH(ROW()-2,종합!$AE$3:$AE$501,0))&"","") | D11: =IFERROR(INDEX(종합!D$3:D$501,MATCH(ROW()-2,종합!$AE$3:$AE$501,0))&"","") | E11: =IFERROR(INDEX(종합!E$3:E$501,MATCH(ROW()-2,종합!$AE$3:$AE$501,0))&"","") | F11: =IFERROR(INDEX(종합!F$3:F$501,MATCH(ROW()-2,종합!$AE$3:$AE$501,0))&"","") -> O | G11: =IFERROR(INDEX(종합!G$3:G$501,MATCH(ROW()-2,종합!$AE$3:$AE$501,0))&"","") -> 대학 | H11: =IFERROR(INDEX(종합!H$3:H$501,MATCH(ROW()-2,종합!$AE$3:$AE$501,0))&"","") -> 605-82-08254 | I11: =IFERROR(INDEX(종합!I$3:I$501,MATCH(ROW()-2,종합!$AE$3:$AE$501,0))&"","") -> 김성희 | ... Z11: =IFERROR(INDEX(종합!Z$3:Z$501,MATCH(ROW()-2,종합!$AE$3:$AE$501,0))&"","") -> 010-4841-1499
A12: =IF(B12="","",ROW()-2) -> 10 | B12: =IFERROR(INDEX(종합!B$3:B$501,MATCH(ROW()-2,종합!$AE$3:$AE$501,0))&"","") -> 주식회사 코너스 | C12: =IFERROR(INDEX(종합!C$3:C$501,MATCH(ROW()-2,종합!$AE$3:$AE$501,0))&"","") | D12: =IFERROR(INDEX(종합!D$3:D$501,MATCH(ROW()-2,종합!$AE$3:$AE$501,0))&"","") | E12: =IFERROR(INDEX(종합!E$3:E$501,MATCH(ROW()-2,종합!$AE$3:$AE$501,0))&"","") | F12: =IFERROR(INDEX(종합!F$3:F$501,MATCH(ROW()-2,종합!$AE$3:$AE$501,0))&"","") -> O | G12: =IFERROR(INDEX(종합!G$3:G$501,MATCH(ROW()-2,종합!$AE$3:$AE$501,0))&"","") -> 중소기업 | H12: =IFERROR(INDEX(종합!H$3:H$501,MATCH(ROW()-2,종합!$AE$3:$AE$501,0))&"","") -> 220-88-92965 | I12: =IFERROR(INDEX(종합!I$3:I$501,MATCH(ROW()-2,종합!$AE$3:$AE$501,0))&"","") -> 김동오 | ... Z12: =IFERROR(INDEX(종합!Z$3:Z$501,MATCH(ROW()-2,종합!$AE$3:$AE$501,0))&"","") -> 010-3274-4885
A13: =IF(B13="","",ROW()-2) -> 11 | B13: =IFERROR(INDEX(종합!B$3:B$501,MATCH(ROW()-2,종합!$AE$3:$AE$501,0))&"","") -> 이니넥스트 주식회사 | C13: =IFERROR(INDEX(종합!C$3:C$501,MATCH(ROW()-2,종합!$AE$3:$AE$501,0))&"","") | D13: =IFERROR(INDEX(종합!D$3:D$501,MATCH(ROW()-2,종합!$AE$3:$AE$501,0))&"","") | E13: =IFERROR(INDEX(종합!E$3:E$501,MATCH(ROW()-2,종합!$AE$3:$AE$501,0))&"","") | F13: =IFERROR(INDEX(종합!F$3:F$501,MATCH(ROW()-2,종합!$AE$3:$AE$501,0))&"","") -> O | G13: =IFERROR(INDEX(종합!G$3:G$501,MATCH(ROW()-2,종합!$AE$3:$AE$501,0))&"","") -> 중소기업 | H13: =IFERROR(INDEX(종합!H$3:H$501,MATCH(ROW()-2,종합!$AE$3:$AE$501,0))&"","") -> 538-86-03729 | I13: =IFERROR(INDEX(종합!I$3:I$501,MATCH(ROW()-2,종합!$AE$3:$AE$501,0))&"","") -> 김철균 | ... Z13: =IFERROR(INDEX(종합!Z$3:Z$501,MATCH(ROW()-2,종합!$AE$3:$AE$501,0))&"","") -> 010-9094-3053
A14: =IF(B14="","",ROW()-2) -> 12 | B14: =IFERROR(INDEX(종합!B$3:B$501,MATCH(ROW()-2,종합!$AE$3:$AE$501,0))&"","") -> 주식회사 오내피플 | C14: =IFERROR(INDEX(종합!C$3:C$501,MATCH(ROW()-2,종합!$AE$3:$AE$501,0))&"","") | D14: =IFERROR(INDEX(종합!D$3:D$501,MATCH(ROW()-2,종합!$AE$3:$AE$501,0))&"","") | E14: =IFERROR(INDEX(종합!E$3:E$501,MATCH(ROW()-2,종합!$AE$3:$AE$501,0))&"","") | F14: =IFERROR(INDEX(종합!F$3:F$501,MATCH(ROW()-2,종합!$AE$3:$AE$501,0))&"","") -> O | G14: =IFERROR(INDEX(종합!G$3:G$501,MATCH(ROW()-2,종합!$AE$3:$AE$501,0))&"","") -> 중소기업 | H14: =IFERROR(INDEX(종합!H$3:H$501,MATCH(ROW()-2,종합!$AE$3:$AE$501,0))&"","") -> 463-87-00935 | I14: =IFERROR(INDEX(종합!I$3:I$501,MATCH(ROW()-2,종합!$AE$3:$AE$501,0))&"","") -> 조아영 | ... Z14: =IFERROR(INDEX(종합!Z$3:Z$501,MATCH(ROW()-2,종합!$AE$3:$AE$501,0))&"","") -> 010-3283-7106
... A452: =IF(B452="","",ROW()-2) | B452: =IFERROR(INDEX(종합!B$3:B$501,MATCH(ROW()-2,종합!$AE$3:$AE$501,0))&"","") | C452: =IFERROR(INDEX(종합!C$3:C$501,MATCH(ROW()-2,종합!$AE$3:$AE$501,0))&"","") | D452: =IFERROR(INDEX(종합!D$3:D$501,MATCH(ROW()-2,종합!$AE$3:$AE$501,0))&"","") | E452: =IFERROR(INDEX(종합!E$3:E$501,MATCH(ROW()-2,종합!$AE$3:$AE$501,0))&"","") | F452: =IFERROR(INDEX(종합!F$3:F$501,MATCH(ROW()-2,종합!$AE$3:$AE$501,0))&"","") | G452: =IFERROR(INDEX(종합!G$3:G$501,MATCH(ROW()-2,종합!$AE$3:$AE$501,0))&"","") | H452: =IFERROR(INDEX(종합!H$3:H$501,MATCH(ROW()-2,종합!$AE$3:$AE$501,0))&"","") | I452: =IFERROR(INDEX(종합!I$3:I$501,MATCH(ROW()-2,종합!$AE$3:$AE$501,0))&"","") | ... Z452: =IFERROR(INDEX(종합!Z$3:Z$501,MATCH(ROW()-2,종합!$AE$3:$AE$501,0))&"","")

Sheet Log
A1: 버전 | B1: 날짜 | C1: 분과 | D1: 회사명 | E1: 추가/변경사항
A2: V4.1 | B2: 2026.07.21 | C2: 안전·신뢰 | D2: 마크애니 | E2: 이메일 주소 변경(기존: kimdh@markany.com, 변경: leaders@markany.com)
B3: 2026.07.22 | C3: 산업 | D3: (주)씨더스 | E3: 사업자등록에 맞게 기업명 변경(기존:㈜씨더스 → 변경: 주식회사 씨더스 농업회사법인)
B4: 2026.07.22 | C4: 산업 | D4: 미소정보기술 | E4: 사업자등록에 맞게 기업명 변경(기존: 미소정보기술 → 변경: ㈜미소정보기술)
B5: 2026.07.22 | C5: 산업 | D5: 비아이매트릭스 | E5: 사업자등록에 맞게 기업명 변경(기존: 비아이매트릭스 → 변경: ㈜비아이매트릭스)
B6: 2026.07.22 | C6: 산업 | D6: 아이티센 클로잇 | E6: 사업자등록에 맞게 기업명 변경(기존: 아이티센 클로잇 → 변경: 주식회사 아이티센클로잇)
B7: 2026.07.22 | C7: 산업 | D7: 앵글컴퍼니 | E7: 사업자등록에 맞게 기업명 변경(기존: 앵글컴퍼니 → 변경: 앵글컴퍼니 주식회사)
B8: 2026.07.22 | C8: 산업 | D8: 인사이트온 | E8: 사업자등록에 맞게 기업명 변경(기존: 인사이트온 → 변경: 주식회사 인사이트온)
B9: 2026.07.22 | C9: 산업 | D9: 에스엘즈 | E9: 사업자등록에 맞게 기업명 변경(기존: 에스엘즈 → 변경: 주식회사 에스엘즈)
B10: 2026.07.22 | C10: 산업 | D10: 한국기업보안 | E10: 사업자등록에 맞게 기업명 변경(기존: 한국기업보안 → 변경: 주식회사 한국기업보안)
B11: 2026.07.22 | C11: 산업 | D11: 스틸리언 | E11: 사업자등록에 맞게 기업명 변경(기존: 스틸리언 → 변경: ㈜스틸리언)
B12: 2026.07.22 | C12: 산업 | D12: 라온로드 | E12: 사업자등록에 맞게 기업명 변경(기존: 라온로드 → 변경: ㈜라온로드)
A13: V4.2 | B13: 2026.07.22 | C13: 산업 | D13: 라크㈜ | E13: 신규 회원사 추가
B14: 2026.07.22 | C14: 산업 | D14: 드림시큐리티 | E14: 사업자등록에 맞게 기업명 변경(기존: 드림시큐리티 → 변경: ㈜드림시큐리티)
B15: 2026.07.22 | C15: 산업 | D15: 퓨리오사AI | E15: 사업자등록에 맞게 기업명 변경(기존: 퓨리오사AI → 변경: 주식회사 퓨리오사에이아이)
B16: 2026.07.22 | C16: 산업 | D16: 섹타나인 | E16: 사업자등록에 맞게 기업명 변경(기존: 섹타나인 → 변경: ㈜섹타나인)
B17: 2026.07.22 | C17: 산업 | D17: 현대퓨처넷 | E17: 사업자등록에 맞게 기업명 변경(기존: 현대퓨처넷 → 변경: ㈜현대퓨처넷)
B18: 2026.07.22 | C18: 산업 | D18: 마키나락스 | E18: 사업자등록에 맞게 기업명 변경(기존: 마키나락스 → 변경: 주식회사 마키나락스)
B19: 2026.07.22 | C19: 산업 | D19: 더존비즈온 | E19: 사업자등록에 맞게 기업명 변경(기존: 더존비즈온 → 변경: ㈜더존비즈온)
B20: 2026.07.22 | C20: 산업 | D20: 한컴 | E20: 사업자등록에 맞게 기업명 변경(기존: 한컴 → 변경: ㈜한글과컴퓨터)
B21: 2026.07.22 | C21: 산업 | D21: 알서포트 | E21: 사업자등록에 맞게 기업명 변경(기존: 알서포트 → 변경: 알서포트 주식회사)
B22: 2026.07.22 | C22: 기술 | D22: KSTEC | E22: 사업자등록에 맞게 기업명 변경(기존: KSTEC → 변경: 지식시스템 ㈜KSTEC)
B23: 2026.07.22 | C23: 기술 | D23: 몬드리안에이아이 | E23: 사업자등록에 맞게 기업명 변경(기존: 몬드리안에이아이 → 변경: 몬드리안에이아이 주식회사)
B24: 2026.07.22 | C24: 기술 | D24: 한국키네티코엔지니어링 | E24: 사업자등록에 맞게 기업명 변경(기존: 한국키네티코엔지니어링 → 변경: ㈜한국키네티코엔지니어링)
B25: 2026.07.22 | C25: 기술 | D25: 제네시스랩 | E25: 사업자등록에 맞게 기업명 변경(기존: 제네시스랩 → 변경: 주식회사 제네시스랩)
... B60: 2026.07.23 | C60: 안전·신뢰 | D60: 주식회사 마인드에이아이 | E60: 실무자 오기입으로 수정(기존: 알서포트 실무자 연락처가 기입되어 있었음)
A61: V4.2.1 | B61: 2026.07.27 | C61: 산업 | D61: 주식회사 인핸스 | E61: 신규 회원사 추가
B62: 2026.07.27 | C62: 산업 | D62: 디밀리언 | E62: 신규 회원사 추가
B63: 2026.07.27 | C63: 산업 | D63: ㈜윌로그 | E63: 신규 회원사 추가
B64: 2026.07.27 | C64: 산업 | D64: 주식회사 로이드케이 | E64: 담당자 변경(육소영 → 황광태 PM)
A65: V4.2.2 | B65: 2026.07.29 | C65: 전 분과 | D65: 모든 기업 | E65: NIA 요청에 따른 1지망, 2지망 기입
B66: 2026.07.29 | C66: 산업 | D66: 비큐에이아이 | E66: 담당 임원 변경에 따른 정보 수정(김규태 CDO 기입)
A67: V5.1 | B67: 2026.08.06 | C67: 기술 | D67: ㈜시스원 | E67: 신규 회원사 추가
B68: 2026.08.06 | C68: 기술 | D68: 오픈랩스 | E68: 신규 회원사 추가
A69: V5.2 | B69: 2026.08.10 | C69: 기술 | D69: LG유플러스 | E69: 신규 회원사 추가
B70: 2026.08.10 | C70: 안전·신뢰 | D70: 금융보안원 | E70: 신규 회원사 추가
A71: V6.0 | B71: 2026.08.20 | C71: 전체 | D71: - | E71: 개정안: 주분과·부분과1~3 분류 체계 도입(중복분과 대응), 분과 시트는 종합 시트 입력 시 자동 반영되도록 수식 연동. 1지망·2지망 열은 개정안에서 제외(원본 V5.2에 보존). 부분과는 미입력 상태로 생성.
A72: V6.1 | B72: 2026.08.20 | C72: 전체 | D72: - | E72: 2지망이 생태계인 89개사 부분과1에 생태계 입력(주분과가 이미 생태계인 14개사는 제외). 전화번호 하이픈 형식 통일(218건 정리, 검색 확인 정정 3건: 코난테크놀로지·알체라·에스티이지). 자릿수 이상 10건은 빨간 글씨·메모로 플래그. 열 너비 자동 조정, 설명란은 줄바꿈 표시.
A73: V6.2 | B73: 2026.08.20 | C73: 산업, 생태계 | D73: 사단법인 한국AI스마트홈산업협회 | E73: 협회 요청으로 산업분과에서 생태계분과로 이관(주분과 변경). 종합 시트에서 해당 행을 생태계 블록 끝으로 재정렬. 부분과1의 생태계 표기는 중복이 되어 삭제. 산업분과 잔류(부분과) 여부는 미확정으로 비워 둠.
A74: V6.3 | B74: 2026.08.20 | C74: 전체 | D74: - | E74: 종합 시트의 분과 연동용 계산열(Z~AC)을 숨김 처리. 기능은 그대로 동작하며, 열 머리글 X~AD 선택 후 숨기기 취소로 다시 볼 수 있음.
A75: V1.1 | B75: 2026.08.21 | C75: 전체 | D75: - | E75: 분과 중복가입 설문(~8.17, 응답 45건) 반영: 추가 배정 36개사, 추가 희망 없음 6개사, 주분과만 선택 1개사. 2지망 기반 생태계 배치 88개사 유지. 비고 열 신설(G), 각 시트 맨 앞 자동 번호(No) 추가, 현황 시트 신설(분과별·전체 회원사 수 자동 집계). 미매칭(POOL에 없음): 부산IT융합부품연구소. 시스원은 2회 응답 중 최종(8.21 10:10, 산업) 적용.
A76: V1.2 | B76: 2026.08.21 | C76: 전체 | D76: - | E76: 비고 간소화: 설문 기반 배치는 기본값이므로 표기 생략, 설문 없이 2지망만으로 생태계 배치한 경우만 "2지망 생태계 신청" 표기(설문·2지망 모두 생태계면 빈칸). 현황 시트 집계 항목 정리, 비고 열 폭 축소.
A77: V1.3 | B77: 2026.08.21 | C77: 전체 | D77: - | E77: 분과 표기를 주분과·부분과1~3에서 분과별 O표(기술·산업·생태계·안전·신뢰 4열)로 변경(주분과 구분은 V1.2까지 보존). 기업유형 열 신설(대기업·중견기업·중소기업·공공기관·대학·협회·단체, 법령 기준은 현황 시트 참조): 대기업 10, 중견기업 18, 중소기업 249, 공공기관 7, 대학 4, 협회·단체 11. 추정 분류 20건은 빨간 글씨·메모·비고 "※ 유형 확인". 현황 시트를 전체·분과별·기업유형별(×분과) 회원사 수로 단순화.
A78: V1.4 | B78: 2026.08.24 | C78: 전체 | D78: - | E78: 기술/산업/안전신뢰 > 2지망 생태계 신청(H) 삭제, 종합/생태계 > 2지망 생태계 신청 H열 AA열로 이동 (AA열 숨김), 현황 분과회원사수 합계 삭제
A79: V1.5 | B79: 2026.08.24 | C79: 생태계 | D79: - | E79: 중복가입 설문(~8.17)에서 생태계분과를 선택하지 않았는데 2지망 신청만으로 생태계분과에 중복 배치되어 있던 80개사를 생태계분과에서 제외(비고 "2지망 생태계 신청" 표기 기준, 설문 응답과 전수 대조 확인). 각사 주분과 소속은 유지. 생태계분과 145→65개사. 생태계분과 시트 비고(AA열) 깨진 참조 오류 복구.
